0,ä»Žå¤´ç‡ƒåˆ°å°¾ï¼å„ç§çˆ½ï¼å„ç§ç»™åŠ›ï¼å”å°¼å¤§çœ¼ç›å„ç§åæ§½ï¼æµ©å…‹è£¸ä¸€æŠŠè¿˜å–èŒï¼Œä½ æ˜¯å¤©ç¥žæˆ‘ç…§æ‘”ï¼é”¤å“¥ä¸€è¾¹å’ŒæŠ–æ£®æžåŸºä¸€è¾¹é›·ï¼æŠ–æ£®é‚£ä¸ªæ¼”æŠ€å•Šå•§å•§å¤ªèµžäº†ï¼æ°ç‘žç±³é¹°çœ¼å¸…æ°”ç¥žå°„ï¼æ€§æ„Ÿå¥³ç¥žæ–¯å˜‰ä¸½é«˜è¶…éª—æœ¯è¿˜æœ‰æ¼‚äº®èº«æ‰‹ï¼ç¾Žå›½é˜Ÿé•¿çš„å±è‚¡å’Œèƒ¸é…åˆ3Dæ•ˆæžœè¦çˆ†è¡¨ï¼è¾¹çœ‹è¾¹é«˜æ½®ï¼Œæ¹¿äº†å¥½å‡ æ¬¡ï¼ä»Šå¹´ä¸Šæ˜ å¤§ç‰‡é‡Œç¬¬ä¸€éƒ¨ä½³ä½œï¼,LORENZO æ´›ä¼¦ä½,"['allstar50', 'rating']",2012-04-27 02:34:25,2166,"Amsterdam, Netherlands",vividtime  2006-03-28åŠ å…¥
1,è¢«ä¸¥é‡é«˜ä¼°çš„ç²‰ä¸ç”µå½±ã€‚æœ€åŽ30åˆ†é’Ÿæ‹¯æ•‘å…¨ç‰‡ï¼Œä½†ä¸ºäº†è¿™ä¸ªé«˜æ½®ä»˜å‡ºçš„ä»£ä»·å¤ªå¤§äº†ï¼Œå‰90åˆ†é’Ÿå†—é•¿ä¹å‘³ï¼Œä¸ºåˆ†é…å‡ ä¸ªäººçš„æˆä»½è¿›è¡Œå¯¹æ‰‹æˆæŽ’åˆ—ç»„åˆï¼ŒèŽ«åå…¶å¦™çš„æ©æ€¨è®¾ç½®å¦‚åŠ£è´¨æ­¦ä¾ ç‰‡ï¼Œä¸»çº¿ä¿¡æ¯æœ¬æ¥å°±å°‘å¾—å¯æ€œï¼Œè¿˜åå¤äº¤ä»£ï¼Œå®Œå…¨å¤±è´¥çš„èŠ‚å¥å’Œç»“æž„ï¼Œåº”ç æŽ‰30åˆ†é’Ÿ,éº»ç»³,"['allstar30', 'rating']",2012-05-05 23:19:02,658,åŒ—äº¬,ma-sheng  2008-03-26åŠ å…¥
2,Hulk...Smashï¼ï¼ï¼,é™€èžºå‡¡è¾¾å¯,"['allstar50', 'rating']",2012-04-26 05:05:39,1319,"Paris, France",cabaret  2010-09-07åŠ å…¥
3,è¿™äº›æ¼«å¨æ€ªç‰©é›†ä¸­èµ·æ¥æœ¬ä»¥ä¸ºæ˜¯ä¸€é”…ç²¥ï¼Œç»“æžœåˆ†å·¥è¶…æ˜Žç¡®äººç‰©æžé²œæ˜Žï¼ŒåŠ ä¸Šç›®ä¸æš‡æŽ¥çš„ç‹‚è½°æ»¥ç‚¸å’Œé€‚å½“çš„åæ§½å–èŒï¼Œè¿™äº›äººç‰©ç”šè‡³æ¯”ä¹‹å‰çœ‹å•ç‹¬å½±ç‰‡æ—¶æ›´æƒ¹äººå–œçˆ±ã€‚å”¯ä¸€é—æ†¾çš„æ˜¯ï¼Œåæ´¾å¤–æ˜Ÿäººä»ç„¶æ²¡æœ‰è„±ç¦»å®³è™«å½¢è±¡çš„ä¼ ç»Ÿï¼Œé£žèˆ¹è¿˜é•¿å¾—åƒçš®çš®è™¾,jj73æµ…ä¹‹,"['allstar40', 'rating']",2012-04-23 16:43:26,2086,åŒ—äº¬,asano  2006-09-26åŠ å…¥
4,ä¸ç”¨åŠ¨è„‘çš„ç”µå½±å°±æ˜¯å¥½ï½žPSæˆ‘æ˜¯çœŸå¿ƒå–œæ¬¢æ´›åŸºå‘€ï¼ï¼ï¼ï¼,åŒå¿—äº¦å‡¡äººä¸­æ–‡ç«™,"['allstar30', 'rating']",2012-05-07 18:07:14,87,,
5,çœŸæ²¡æƒ³åˆ°ã€Šå¤ä»‡è€…è”ç›Ÿã€‹è¿™ä¹ˆå¥½çœ‹å•Šï¼é’¢é“ä¾ å¤§æˆ˜ç¾Žå›½é˜Ÿé•¿ï¼Œç»¿å·¨äººç‹‚Ké›·ç¥žç´¢å°”ï¼Œé»‘å¯¡å¦‡å‹¾æ­é¹°çœ¼â€¦è€å®žè¯´è¿™å‡ ä¸ªè¶…çº§è‹±é›„æŽèµ·æž¶æ¥æ¯”å›¢ç»“ä¸€è‡´å¥½çœ‹å¤šäº†ï¼é’¢é“ä¾ è´Ÿè´£è€å®ï¼Œå¤§å…µè´Ÿè´£è€å¸…;é»‘å¯¡å¦‡å–å¼„é£Žæƒ…ï¼Œç»¿å·¨äººå–èŒï¼Œå†åŠ ä¸€ä¸ªååæœ‰äººçˆ±çš„å¤§åæ´¾ï¼Œæ¢¦å¹»ç»„åˆï¼Œç°å¸¸å®Œç¾Žï¼,å…°è‹¥,"['allstar50', 'rating']",2012-04-23 16:24:14,974,åŒ—äº¬,4315946  2009-06-02åŠ å…¥
6,æ’¸å¦‡è”å‰ï¼šè¯¶å˜¿å˜¿å¥½æ¿€åŠ¨å“Ÿç»ˆäºŽå¯ä»¥çœ‹å¦‡è”äº†ï¼æ’¸å¦‡è”æ—¶ï¼šå˜¤æŠ–æ£®å˜¤JRå˜¤å˜¤å¤§èƒ¸ç¾Žé˜Ÿå˜¤å˜¤å¤§èƒ¸é”¤å“¥å˜¤å˜¤ç³–æ³¥å˜¤è²å°”å¥½èŒå“¦æ–°ç»¿å·¨äººä¹Ÿå¥½èŒçš„æ ·çº¸å‘¢å•Šå•Šå•Šå•Šå•Šå•Šæˆ‘æ˜¯ç»¿å·¨äººè„‘æ®‹ç²‰å“ˆå“ˆå“ˆå“ˆï¼æ’¸å®Œå¦‡è”ï¼šå•Šå•Šå•Šå•Šå•Šå•Šå•Šå•Šå•Šå•Šè¿™ç»é€¼æ˜¯æˆ‘çœ‹è¿‡æœ€å¸¦æ„Ÿæœ€é¸¡è¡€çš„ç”µå½±æ²¡æœ‰ä¹‹ä¸€å•Šäº²æ²¡æœ‰ä¹‹ä¸€å•Šå•Šå•Šå•Šå•Šï¼å¤ªï¼å¥½ï¼çœ‹ï¼äº†ï¼ï¼ï¼,åŠžå…¬å®¤ç”œå¿ƒ,"['allstar50', 'rating']",2012-05-05 03:12:24,490,"Berlin, Germany",kirk1226  2010-02-04åŠ å…¥
7,æ¬¢ä¹å…»çœ¼ï¼å”å°¼åæ§½å¤§ç¾Žï¼lokiç¾Žè²Œä¸èƒ½ç›´è§†ï¼ä¸Žä»–å“¥çš„åŸºæƒ…ä¸èƒ½ç›´è§†ï¼ä¸Šå½±é™¢çœ‹è¿™ç§ç‰‡ç»å¯¹å€¼å›žç¥¨ä»·ï¼è™½ç„¶å‰§æƒ…ç®€å•ã€‚ã€‚ã€‚ä½†çœ‹å¾—è¿‡ç˜¾ï¼æ€»å¾—æ¥è¯´ä¸€ä¸ªå­—ï¼šç‡ƒï¼,å±±äººé˜¿è‹è‹,"['allstar40', 'rating']",2012-04-23 16:35:48,843,"Bristol, United Kingdom",Kiddieyi  2008-12-28åŠ å…¥
8,ä¸€éƒ¨å‡ ä¹Žå®Œç¾Žçš„çˆ†ç±³èŠ±ç”µå½±ï¼Œè°åœ¨ä¹Žå®ƒæ¼”çš„æ˜¯ä»€ä¹ˆï¼Œå› ä¸ºå®ƒçš„å¹½é»˜æ„Ÿå¤ªå¼ºå¤§äº†ï¼æ€§æ ¼åˆ†æ˜Žçš„äººç‰©ï¼Œé­…åŠ›åè¶³çš„æ˜Žæ˜Ÿï¼Œå±‚å‡ºä¸ç©·çš„ç¬‘æ–™ï¼Œç´§å¼ åˆºæ¿€çš„èŠ‚å¥ï¼Œéœ‡æ’¼è§†å¬çš„ç‰¹æ•ˆå’Œå±‚æ¬¡åˆ†æ˜Žçš„å‰§æƒ…ç¼–æŽ’ï¼Œæ¯ä¸€ä¸ªè¶…çº§è‹±é›„éƒ½æœ‰è‡ªå·±çš„æ€§æ ¼å’Œæ•…äº‹ï¼Œä»–ä»¬éƒ½å¿™ç€äº’æŸäº’æ–—è¿˜ä¸€èµ·æ¬ºè´Ÿè½¯å¦¹ï¼Œä¸ºä»€ä¹ˆè¿™ç¾¤æ¼”å‘˜éƒ½è¿™ä¹ˆæœ‰çˆ±å‘¢ï¼Ÿâ˜…â˜…â˜…â˜…,äºµæ¸Žç”µå½±,"['allstar40', 'rating']",2012-05-05 03:12:25,761,åŒ—äº¬,zhangzongqian  2009-04-14åŠ å…¥
9,è¿™ï¼å·²ï¼ç»ï¼æ˜¯ï¼çº½ï¼çº¦ï¼ä¸ï¼çŸ¥ï¼é“ï¼ç¬¬ï¼å‡ ï¼æ¬¡ï¼è¢«ï¼å¤–ï¼æ˜Ÿï¼äººï¼è½°ï¼ç‚¸ï¼äº†ï¼å¥½ï¼æƒ³ï¼ä½ï¼åœ¨ï¼è¿™ï¼ä¸ªï¼éšï¼æ—¶ï¼éƒ½ï¼æœ‰ï¼å¯ï¼èƒ½ï¼è¢«ï¼ç‚¸ï¼æ­»ï¼çš„ï¼ç ´ï¼åœ°ï¼æ–¹ï¼,å¤å¥ˆ,"['allstar40', 'rating']",2012-05-07 20:51:55,533,"Ä°stanbul, Turkey",ChannaDisco  2009-10-15åŠ å…¥
10,è¿˜è›®å¥½ç¬‘çš„- -,Veligrano,"['allstar40', 'rating']",2012-09-04 17:16:10,2,æµ™æ±Ÿæ­å·ž,Te_Qu1ero  2010-09-30åŠ å…¥
11,IMAX3Dæ‰“æ–—æ•ˆæžœä»Žå¤´çˆ½åˆ°å°¾.é˜Ÿé•¿è´Ÿè´£å¥ç¾Žæ“.é›·ç¥žè´Ÿè´£è€å¤§é”¤.å¯¡å¦‡è´Ÿè´£å‹¾æ­.é¹°çœ¼è´Ÿè´£è€é…·.ç»¿å·¨äººå¤©ç„¶å‘†å–èŒ.é’¢é“ä¾ æŠ–éªšè€å®.PSï¼šç‰‡å°¾æœ‰å½©è›‹.,çš®çš®æ•¦æ•¦,"['allstar50', 'rating']",2012-05-05 12:27:03,391,åŒ—äº¬,y_baozi  2009-02-14åŠ å…¥
12,å…¶å®žè¿™æ˜¯ä¸€ä¸ªâ€œè‘«èŠ¦å…„å¼Ÿâ€ï¼ˆé’¢é“ä¾ æ–¯å¡”å…‹ã€é›·ç¥žç´¢å°”ã€ç¾Žå›½é˜Ÿé•¿ã€ç»¿å·¨äººç­çº³ã€é»‘å¯¡å¦‡ã€é¹°çœ¼å·´é¡¿ï¼‰åœ¨â€çˆ·çˆ·â€œæŒ‡æŒ¥å®˜ç‹¬çœ¼ä¾ å¼—ç‘žçš„å¸¦é¢†ä¸‹ï¼Œå›¢ç»“ä¸€è‡´ã€è”åˆèµ·æ¥å˜æˆâ€œè‘«èŠ¦å°é‡‘åˆšâ€å„æ˜¾ç¥žé€šå¯¹ä»˜â€œè›‡ç²¾â€æ´›åŸºçš„æ•…äº‹ã€‚,å½±å¿—,"['allstar40', 'rating']",2012-05-05 22:58:00,61,åŒ—äº¬,tjz230  2005-07-18åŠ å…¥
13,LokiçœŸå¿ƒç¾Žè²Œ;Robiné˜¿å§¨å°±æ˜¯åŽ»æ‰“é…±æ²¹çš„ï¼Œæ‰“çš„è¿˜æ²¡æ„Ÿè§‰ï¼›Thoré‚£å¥He is adoptedç‹‚æˆ³hhpå…¶å®žæˆ‘å¯¹å”å°¼çš„å¹½é»˜æ¯”è¾ƒæ— æ„Ÿã€‚æƒ³èµ·ä¸‰é›†ç‰‡é‡Œé‚£å¥Every fairytale needs a good old-fashioned villainï¼Œæ²¡æœ‰äººå®¶Lokiè¿™ç¾¤è‹±é›„ä»¬ä¸ä¹Ÿæ˜¯å¤©å¤©ç™¾æ— èŠèµ–å˜›æœ€åŽè¢«ä»–å“¥æ‹¿é“é“¾å­ç‰µèµ°çš„æ ·å­å¥½ä¹–ï¼Œä¸ºå•¥å˜´å·´ä¹Ÿå µä¸Šï¼Ÿæ˜¯æ€•ä»–è¯å” ï¼Ÿ,wwwwwhat,"['allstar50', 'rating']",2012-04-26 04:37:28,342,,
14,æˆ‘è™æˆ‘å“¥åƒç™¾é æˆ‘å“¥å¾…æˆ‘å¦‚åˆæ‹,æµæ³ªçŒ«çŒ«æ¡ƒ,"['allstar50', 'rating']",2012-05-06 20:10:05,329,æµ™æ±Ÿæ­å·ž,desesperer  2008-11-16åŠ å…¥
15,åˆšçœ‹å®Œã€Šå¤ä»‡è€…è”ç›Ÿã€‹ï¼Œæ¯”å‰é¢å‡ éƒ¨è¶…çº§è‹±é›„ç‰‡éƒ½å¥½çœ‹ï¼è§’è‰²ä¸ªä¸ªå‡ºå½©ï¼Œå¾ˆå¤šå°è¯æƒ…èŠ‚éžå¸¸å¯ä¹ã€‚æœ€åŽçš„å¤§æˆ˜æœ‰ç‚¹åƒå˜å½¢é‡‘åˆš3ï¼Œä½†æ›´åŽä¸½çƒ­è¡€ï¼Œç¾Žå›½é˜Ÿé•¿çš„ä¸€å¥ï¼šhulkï¼Œsmashï¼å¼•å‘äº†çŽ°åœºçš„æ¬¢å‘¼å’ŒæŽŒå£°ï¼è¿™æ˜¯ä¸€éƒ¨éžå¸¸æœ‰å¨±ä¹ä»·å€¼çš„æš‘æœŸå¤§ä½œã€‚3dæ•ˆæžœä¹Ÿå¾ˆå‡ºè‰²ã€‚å„ä½æ¯‹åº¸ç½®ç–‘ï¼Œå‡†å¤‡åœ¨å¤§é“¶å¹•ä¸Šè¿ŽæŽ¥å¤ä»‡è€…è”ç›Ÿå§ï¼,CyberKnightç”µå­éª‘å£«,"['allstar50', 'rating']",2012-04-24 10:13:34,273,ä¸Šæµ·,CyberKnight  2007-09-05åŠ å…¥
16,ä¸‰æ˜ŸåŠï¼Œæˆ–è€…æ˜¯æœŸå¾…å¤ªé«˜ï¼Œæ²¡é¢„æƒ³çš„è¿‡ç˜¾ã€‚å½“ç„¶ï¼ŒæœŸå¾…çš„å†…å®¹éƒ½å‡ºçŽ°äº†ï¼Œå„ç§çˆ†ç‚¸åŠ¨ä½œæˆåŠæœ‰è¶£çš„å¯¹ç™½ã€‚å¯¼æ¼”å¾ˆå¥½çš„åè°ƒäº†å‡ ä¸ªè§’è‰²ï¼Œæ¯ä¸ªäººéƒ½æœ‰ç©ºé—´å±•ç¤ºè‡ªå·±çš„æ€§æ ¼å’Œç‰¹ç‚¹ã€‚ç»¿å·¨äººæ— è®ºåœ¨è¿‡ç˜¾å’Œåæ§½ä¸Šéƒ½æ›´è®©äººæƒŠå–œã€‚é’¢é“ä¾ ä¾ç„¶è´Ÿè´£æžç¬‘ï¼Œé»‘å¯¡å¦‡å’Œé¹°çœ¼éƒ½å¾ˆå¸…ã€‚å¾ˆå¥½çš„çˆ†ç±³èŠ±ã€‚,æ¡ƒæ¡ƒæž—æž—,"['allstar30', 'rating']",2012-05-05 15:33:58,51,"P'yÅngyang, North Korea",qijiuzhiyue  2005-10-09åŠ å…¥
17,ä½œä¸ºè¶…çº§è‹±é›„å’Œmarvelçš„è„‘æ®‹ç²‰ æ€Žä¹ˆèƒ½ä¸å¿ƒæ½®æ¾Žæ¹ƒï¼èåœå˜´è´±æƒ¹äººçˆ± æŠ–æ£®èŒçš„è®©äººæŠ– é”¤å“¥æ…åŸºå¤ªé…åˆäº† ç»¿å·¨äººæ²¡å˜èº«ä¹‹å‰éª‘å°æ‘©æ‰˜åŠ å…¥æˆ˜åœºçš„æ—¶å€™å…¨åœºçˆ†ç¬‘è¿˜æœ‰å„ç§ä½¿åâ€œçŽ©å¼„â€é”¤åŸºå…„å¼Ÿä»€ä¹ˆçš„ é˜Ÿé•¿å±è‚¡å¥½é”€é­‚ é¹°çœ¼æ²¡çœ‹åˆ°æœ¬äººå¥½å¯æƒœ ç­‰ä¸Šæ˜ äº†å†åŽ»çœ‹ä¸€éï¼,éŸ©è§‰å¤,"['allstar50', 'rating']",2012-04-23 21:55:50,235,åŒ—äº¬,tinagemini  2008-11-01åŠ å…¥
18,å¤§å±å¹•3Dæ•ˆæžœä½³ï¼Œæˆ˜æ–—åœºæ™¯è®¾è®¡å£°éŸ³å‰ªè¾‘è¾¾æˆæœŸç›¼ï¼Œç¬‘æ–™åŒ…è¢±æŠ–å¾—ç²¾å½©ï¼Œå¯ç§°ä¸€æ¬¡è¶…çˆ½çš„è§†æ•ˆä½“éªŒã€‚è¶…çº§è‹±é›„å¤§ä¼šæˆ˜ï¼Œè¿˜æ˜¯é’¢é“ä¾ æœ€çœ©ï¼Œå¹½é»˜æ„Ÿå…¼ä¸ªäººé­…åŠ›åè¶³ï¼›æœ€åŽ‰å®³å½“å±žç»¿å·¨äººï¼Œå®‡å®™å…¨æ— æ•Œå•Šï¼,è‰¾å°æŸ¯,"['allstar40', 'rating']",2012-04-30 20:46:20,49,"Perth, Australia",aixiaoke  2006-06-02åŠ å…¥
19,å„ç§è‹±é›„çº§çš„äººç‰©èšé›†åœ¨ä¸€èµ·ï¼Œæœ‰ç‚¹æžä¸æ¸…æ¥šåˆ°åº•è°åŽ‰å®³äº†ï¼,åŽ·ç³¸,"['allstar30', 'rating']",2018-04-24 08:50:23,33,,
0,è¯·æ¼«å¨å‡ºå‡ éƒ¨ç•ªå¤–ï¼Œè®©å¯¡å§å’Œç¾Žé˜Ÿè°ˆæ‹çˆ±å§ðŸ˜­ðŸ˜­ðŸ˜­æ–¯å˜‰ä¸½æˆ‘çˆ±ä½ ,Chloe,"['allstar40', 'rating']",2018-02-25 14:52:00,59,,
1,è¿™ç‰‡å­çš„ä¸»è¦è¯‰æ±‚å°±æ˜¯æ¬ºè´Ÿè€å¹´äººï¼ˆé˜Ÿé•¿ï¼‰ï¼Œæ¬ºè´Ÿæ®‹ç–¾äººï¼ˆé’¢é“ä¾ ï¼‰ï¼Œæ¬ºè´Ÿç—…äººï¼ˆç»¿èƒ–ï¼‰ï¼Œæ¬ºè´Ÿå¼±æ™ºï¼ˆæ‰˜å°”ï¼‰ä»¥åŠæ¬ºè´Ÿä¸Šç­æ—ï¼ˆç‰¹å·¥ï¼‰æ˜¯å—â€¦â€¦,ä¼Šè°¢å°”ä¼¦çš„é£Ž,"['allstar40', 'rating']",2012-05-05 22:20:04,45,æ¹–åŒ—æ­¦æ±‰,iserlohnwind  2006-12-25åŠ å…¥
2,å‰§æƒ…æŠŠæˆ‘æŠ“çš„å¾ˆç´§ã€‚,æˆ‘å¿ƒé£žæ‰¬,"['allstar40', 'rating']",2012-06-18 11:42:54,0,å±±è¥¿å¤ªåŽŸ,51143086  2011-04-26åŠ å…¥
3,so funny~~,emma,"['allstar40', 'rating']",2012-06-18 14:21:19,0,,
4,çˆ†ç±³èŠ±ç”µå½±ä¹‹å…¸èŒƒ æžç¬‘ç‹ ç»å…¸ï¼,æˆ‘æ˜¯silence,"['allstar40', 'rating']",2012-06-18 17:36:37,0,,
5,æœ€å–œæ¬¢çš„è‹±é›„ç”µå½±ç³»åˆ—ï¼Œè™½ç„¶é‡Œé¢æœ‰å¾ˆå¤šè‹±é›„è§’è‰²ï¼Œä½†æ¯ä¸€ä¸ªéƒ½æœ‰è‡ªå·±çš„ç‰¹è‰²ï¼Œå‰§æƒ…åˆºæ¿€æœ‰æ—¶è¿˜æœ‰ç‚¹æžç¬‘ã€‚,[å·²æ³¨é”€],"['allstar40', 'rating']",2018-02-18 15:45:15,32,,
6,1.è¿™å°±åƒçœ‹AVï¼Œç¾¤Pæ°¸è¿œæ¯”å•æŒŠå—¨å¾—å¤šã€‚2.æ¯æ¬¡æ’¸ç¾Žç‰‡æ’¸åˆ°å°„ï¼Œå°±æ€»è§‰å¾—å¯¹ä¸ä½æ¬§ç‰‡å¤§å¸ˆä»¬ã€‚,é™†æ”¯ç¾½,"['allstar30', 'rating']",2012-05-21 00:10:51,25,åŒ—äº¬,luzhiyu  2008-08-30åŠ å…¥
7,å¥½å–œæ¬¢é¹°çœ¼å“¦Â·Â·é…·åˆ°çˆ†Â·Â·Â·,å“†æ¥å’ªå¥ç¾”,"['allstar40', 'rating']",2012-06-18 23:05:19,2,å››å·æˆéƒ½,52349711  2011-06-15åŠ å…¥
8,ç¢‰å ¡äº†ï¼æ‰“ç»äººå¯°ï¼ä¸æ„§æ˜¯æ¼«å¨æ€»çˆ†å‘ä¹‹ä½œï¼äººç‰©ä¹‹é—´çš„å¹³è¡¡æ„Ÿå¾ˆå¥½ï¼ŒåŒ…æ‹¬æµ©å…‹å’Œç­çº³çš„å¤„ç†ã€‚æœŸå¾…ç»­é›†ï¼,Multivac,"['allstar50', 'rating']",2012-04-24 10:38:08,206,åŒ—äº¬,multivac  2007-05-24åŠ å…¥
9,çœ‹çš„ä¸ç®—å¤ªå·®çš„æžªç‰ˆ....æ¯éš”ä¸€æ®µæ—¶é—´ä¼šå¬åˆ°ç‚¸çˆ†ç±³èŠ±çš„å£°éŸ³.....å¦‚æžœåŽ»ç”µå½±é™¢çœ‹æ•ˆæžœä¸€å®šæ›´å¥½,å¤®å¤®,"['allstar40', 'rating']",2012-06-18 19:31:03,0,,
10,çº¯ç²¹ç‹—è¡€ç‰‡ï¼Œé‡Œé¢å’‹æ²¡æœ‰å­™æ‚Ÿç©ºã€é‡‘åˆšè‘«èŠ¦å¨ƒå’Œå“ªå’ï¼,éº¦å­,"['allstar20', 'rating']",2012-04-23 10:44:33,1022,é™•è¥¿è¥¿å®‰,btone0808  2008-07-22åŠ å…¥
11,è¿˜æ˜¯é’¢é“ä¾ æœ€å¸…ï¼Œå’ŒPepperè°ƒå®Œæƒ…åŽï¼Œåˆå’ŒHulkåŽ»æžåŸºï¼Œæœ€åŽHulkå°±å’Œä»–é©±è½¦è€Œç¦»åŽ»ä¹Ÿï¼,McEvn,"['allstar50', 'rating']",2012-04-26 02:45:22,122,"Paris, France",zillyromantic  2008-12-08åŠ å…¥
12,ä¼—å¤šçŸ¥åäººç‰©æ±‡èšä¸€å ‚ï¼Œå„å±•ç¥žå¨ï¼Œçœ‹çš„çœ¼èŠ±ç¼­ä¹±ï¼Œç›®çžªå£å‘†ã€‚,é’å±±ç»¿æ°´,"['allstar40', 'rating']",2018-04-20 15:19:15,30,,
13,å¥½å§ã€‚å¦‚æžœçœŸçš„æœ‰æ˜Ÿé™…ä¾µç•¥å¸Œæœ›ä½ ä»¬ä¸Šç¬¬ä¸€çº¿ã€‚,å¯Œè±ªé›ªç³•è½¦,"['allstar40', 'rating']",2012-09-03 21:50:23,0,,
14,è§†è§‰å¬è§‰çš„é¥•é¤®ç››å®´ï¼Œä¸é—´æ–­çš„å¿ƒçµéœ‡æ’¼ï¼Œç»å…¸æ¼”ç»Žç¾Žå›½å¼è‹±é›„ã€‚,ç½‚è„‚è”»,"['allstar40', 'rating']",2012-06-19 00:42:38,0,,
15,å“Žå‘€è¿˜æ²¡æ ‡è®°è¿‡è¿™ä¸ªï¼Ÿå“ˆå“ˆå“ˆå“ˆå“ˆä¸è§£é‡Šé¸Ÿ>3<,æ¶è„‘é—¨å„¿,"['allstar50', 'rating']",2012-09-04 22:52:41,1,,
16,å°¼çŽ›èœ˜è››ä¾ è¦æ˜¯åœ¨é‡Œé¢ç»å¯¹æ˜¯å±Œä¸,JX,"['allstar50', 'rating']",2012-04-28 07:24:45,69,,
17,è¿™ä¹ˆå¤šè§’è‰²é›†ä¸­å‡ºçŽ°åœ¨ä¸€éƒ¨ç”µå½±é‡Œï¼Œè¦ä¹ˆæµªè´¹é˜µå®¹è¦ä¹ˆæ˜¯éƒ¨ç»å…¸ï¼Œåº†å¹¸å¾ˆä¸é”™ã€‚,æ˜¥é£Žä¸è§£æ„,"['allstar40', 'rating']",2018-04-24 08:27:12,26,é™•è¥¿è¥¿å®‰,172195277  2018-01-06åŠ å…¥
18,é¦–æ˜ å…¨åœºçˆ†æ»¡ï¼å„ç§ç¾Žå›½è‹±é›„èšé›†ï¼Œå„ç§å–èŒå‚²å¨‡ã€‚é’¢é“ä¾ å’Œç»¿å·¨äººå¥½å¯çˆ±ã€‚ç‹‚è½°æ»¥ç‚¸è®©æˆ‘æ¯«æ— ç¡æ„ï¼Œå“ˆã€‚,æž—å¤•ã®è¾ž,"['allstar50', 'rating']",2012-04-26 06:27:34,30,"Firenze, Italy",sophia007sx  2008-11-03åŠ å…¥
19,å“ˆå“ˆå„ç§å¸…æ°”é€¼äºº,sangchen,"['allstar40', 'rating']",2012-09-03 23:37:12,0,,
0,å„ç§è¶…çº§è‹±é›„å¤§ä¹±ç‚–ï¼Œçœ‹ä¸ªçƒ­é—¹ï¼Œç‰¹æ•ˆä¸é”™ã€‚,åè¦å‹‰å¼º,"['allstar30', 'rating']",2018-04-24 13:35:41,30,æ±Ÿè‹è‹å·ž,131953600  2015-07-24åŠ å…¥
1,ç°å¸¸æ¬¢ä¹ï¼Œå¤§å®¶éƒ½å¾ˆå¸…~å¯¡å¦‡å§æœ€å¼º~,è“è‰²çš„åä¸€ç»´åº¦,"['allstar30', 'rating']",2012-09-03 19:14:00,0,,
2,å®Œå…¨æ²¡å•¥æ„Ÿè§‰â€¦â€¦å¤§æ¦‚æ˜¯æˆ‘åœ¨ç”µè„‘çœ‹è€Œä¸”æ²¡çœ‹è¿‡å‰ä½œçš„åŽŸå› ,wondersss,"['allstar30', 'rating']",2012-09-03 17:50:11,0,,
3,æœ€å–œæ¬¢çš„è‹±é›„ç”µå½±ç³»åˆ—ï¼Œè™½ç„¶é‡Œé¢æœ‰å¾ˆå¤šè‹±é›„è§’è‰²ï¼Œä½†æ¯ä¸€ä¸ªéƒ½æœ‰è‡ªå·±çš„ç‰¹è‰²ï¼Œå‰§æƒ…åˆºæ¿€æœ‰æ—¶è¿˜æœ‰ç‚¹æžç¬‘ã€‚,[å·²æ³¨é”€],"['allstar40', 'rating']",2018-02-18 15:45:15,32,,
4,å¤§æ‚çƒ© å‰§æƒ…ä¸å¦‚è™è ä¾  åœºé¢ä¸å¦‚å˜å½¢é‡‘åˆš å¸Œæœ›ç¬¬äºŒéƒ¨ä¼šå¤§å¤§æ”¹è¿›,Cris726,"['allstar30', 'rating']",2012-09-03 22:02:28,0,,
5,å—¯ï¼Œä¸é”™ã€‚å…¸åž‹çš„ç¾Žå›½å¤§ç‰‡~,ä¸ƒå¤©ä¸ƒå¤œ,"['allstar50', 'rating']",2012-09-03 11:55:53,0,åŒ—äº¬,hhqq  2008-03-15åŠ å…¥
6,å¥½å–œæ¬¢é¹°çœ¼å“¦Â·Â·é…·åˆ°çˆ†Â·Â·Â·,å“†æ¥å’ªå¥ç¾”,"['allstar40', 'rating']",2012-06-18 23:05:19,2,å››å·æˆéƒ½,52349711  2011-06-15åŠ å…¥
7,çº¯ç²¹ç‹—è¡€ç‰‡ï¼Œé‡Œé¢å’‹æ²¡æœ‰å­™æ‚Ÿç©ºã€é‡‘åˆšè‘«èŠ¦å¨ƒå’Œå“ªå’ï¼,éº¦å­,"['allstar20', 'rating']",2012-04-23 10:44:33,1022,é™•è¥¿è¥¿å®‰,btone0808  2008-07-22åŠ å…¥
8,ã€‚ã€‚ã€‚æ•Œäººå¥½å¼±å•Šã€‚ã€‚ã€‚,æ˜Žè‰³åªšå¨ƒé«˜æ™“æ¾,"['allstar30', 'rating']",2012-09-03 23:04:27,0,,
9,åŽŸæœ¬å¾ˆæœŸå¾…çš„ä¸€éƒ¨ç‰‡å­ï¼Œå› ä¸ºæœ€è¿‘é’¢é“ä¾ /ç¾Žå›½é˜Ÿé•¿ç­‰æ¼«ç”»è‹±é›„çš„ç”µå½±éƒ½è¿˜ä¸é”™ï¼Œä½†ä¸çŸ¥æ€Žä¹ˆäº†ï¼Œå‡‘åœ¨ä¸€èµ·ï¼Œå°±è¿™ä¹ˆçƒ‚ï¼Œå„ä½è‹±é›„éƒ½å¤ªæ–‡è‰ºäº†ï¼Œä½†å„ä½çš„æ¼”æŠ€å’Œå°è¯ï¼Œè¿˜æœ‰è§’è‰²æ·±åº¦åˆä¸å¦‚ã€Šè™è ä¾ å‰ä¼ 2ã€‹é‡Œçš„å°ä¸‘å’Œè´å°”ï¼Œæ•…äº‹ä¹Ÿæ²¡æœ‰å¾ˆå¼ºçš„ä»£å…¥æ„Ÿï¼Œåªå¸Œæœ›æ–°çš„ã€Šè™è ä¾ ã€‹åˆ«è®©æˆ‘å¤±æœ›ã€‚,æ¶é­”ä¹‹æœˆæ±Ÿé›ª,"['allstar30', 'rating']",2012-09-03 09:10:41,0,,
10,çœ‹å¾—æƒ³ç¡è§‰ï¼Œ3dæ€Žä¹ˆè¿˜ä¸æ­»å•Šï¼Œçº½çº¦è¦è¢«æ‹†å¤šå°‘é,äº”è‰²å…¨å‘³,"['allstar20', 'rating']",2012-04-27 01:00:43,800,åŒ—äº¬,wusequanwei  2007-01-10åŠ å…¥
11,çœ‹çš„ä¸ç®—å¤ªå·®çš„æžªç‰ˆ....æ¯éš”ä¸€æ®µæ—¶é—´ä¼šå¬åˆ°ç‚¸çˆ†ç±³èŠ±çš„å£°éŸ³.....å¦‚æžœåŽ»ç”µå½±é™¢çœ‹æ•ˆæžœä¸€å®šæ›´å¥½,å¤®å¤®,"['allstar40', 'rating']",2012-06-18 19:31:03,0,,
12,ä¼—å¤šçŸ¥åäººç‰©æ±‡èšä¸€å ‚ï¼Œå„å±•ç¥žå¨ï¼Œçœ‹çš„çœ¼èŠ±ç¼­ä¹±ï¼Œç›®çžªå£å‘†ã€‚,é’å±±ç»¿æ°´,"['allstar40', 'rating']",2018-04-20 15:19:15,30,,
13,æˆ‘å‘è§‰2ä¸ªåŠå°æ—¶é‡Œä¸åŽ»è€ƒè™‘ä¸ºä»€ä¹ˆåœ¨äº‘å±‚ä¸Šæ°”åŽ‹è¿˜èƒ½å’Œåœ°é¢ä¸€æ ·äººéƒ½å¹ä¸èµ°æ˜¯ä»¶å›°éš¾çš„äº‹æƒ…ã€‚å¥½å§ï¼Œå†ä¸åˆ·è°¢è€³æœµå°±è¦å¼€å§‹äº†ã€‚é¢ï¼Œè¿˜æœ‰ï¼Œç»¿å·¨äººæœ€é«˜ï¼ï¼,Lululun,"['allstar50', 'rating']",2012-09-03 17:43:29,0,ä¸Šæµ·,38850585  2010-04-11åŠ å…¥
14,å¥½å§ã€‚å¦‚æžœçœŸçš„æœ‰æ˜Ÿé™…ä¾µç•¥å¸Œæœ›ä½ ä»¬ä¸Šç¬¬ä¸€çº¿ã€‚,å¯Œè±ªé›ªç³•è½¦,"['allstar40', 'rating']",2012-09-03 21:50:23,0,,
15,çœ‹ä¸€ç¾¤äººæ€Žä¹ˆä»Žå†…è®§å˜å¾—å›¢ç»“çš„â€¦â€¦,è¢æ—¥å¤©,"['allstar30', 'rating']",2012-09-03 13:10:39,0,,
16,å¦‡è”è¿™ä¸€å®¶å­ï¼Œé˜¿çˆ¸é’¢é“èåœæ³¥è´Ÿè´£è‡­å±å¹¼ç¨šé«˜æ™ºå•†å…³é”®æ—¶åˆ»æ‹¯æ•‘å®¶åº­ï¼Œå¤§å¥¶é˜Ÿé•¿å¦ˆå¦ˆè´Ÿè´£æ­£ä¹‰å–„è‰¯å¼•é¢†å®¶åº­ï¼Œå¤§å„¿å­ç»¿å·¨äººè´Ÿè´£ä¸»åŠ›æ”»å‡»ï¼Œå°å„¿å­é›·ç¥žå’Œå„¿åª³è£¸åŸºå› ä¸ºçˆ±æƒ…é—¹äº†çŸ›ç›¾ï¼Œç„¶åŽå„¿åª³å› ä¸ºå˜´è´±ä¸åœè¢«ä¼—äººå›´æ®´ã€‚é»‘å¯¡å¦‡å’Œé¹°çœ¼æ˜¯æœ‰ç€è…¹é»‘è¿‡åŽ»çš„ç‰›é€¼ä¿é•–ã€‚å‰æ®µå†…è®§è¶…æœ‰çˆ±ï¼ŒåŽæ®µé›†ä½“æ€»æ”»é•¿é•œå¤´+3Dç‡ƒçˆ†äº†ï¼,ä¼å¾·ä¸Žå¤æ´›è’‚,"['allstar50', 'rating']",2012-05-07 00:09:00,27,åŒ—äº¬,ipodmelody  2008-12-28åŠ å…¥
17,çˆ†ç±³èŠ±ç”µå½±ä¹±çš„æ’’ä¸€åœ°ï¼Œç‰¹æ•ˆçœ‹åˆ°ç–²ï¼ŒåŽåŠç¨‹çš„NYCç«æ‹¼å®Œå…¨æ˜¯åœ¨è¯æ˜Žå¦‡è”å’Œå˜å½¢é‡‘åˆšå¯¹åŒæ ·çš„æˆ˜å½¹æ‰€é‡‡å–çš„ä¸åŒæ”»ç•¥ã€‚Harry Dean Stantonè°ƒä¾ƒç»¿å·¨äººä¸€æ®µï¼Œè¯æ˜Žä»–æ‰æ˜¯å…¨ç‰‡æœ€æžç¬‘çš„äººç‰©ã€‚,å¤§å¥‡ç‰¹(Grinch),"['allstar20', 'rating']",2012-05-05 10:31:54,55,åŒ—äº¬,grinch  2005-12-31åŠ å…¥
18,è¶…çº§è‹±é›„å¤§ä¹±æˆ˜  é»„é‡‘åœ£è¡£   é’¢é“ä¾   å„ç§å–œæ¬¢å› ç´ å¤§çƒ©èœ  è¿˜æœ‰å¾ˆå¤šçš„æžç¬‘å› ç´   çœ‹èµ·æ¥ä¸€ç‚¹å„¿ä¹Ÿä¸æ— èŠ,krahs,"['allstar50', 'rating']",2012-06-19 09:25:34,0,é™•è¥¿è¥¿å®‰,1978127  2007-11-05åŠ å…¥
19,æˆ‘çˆ±è‹±é›„ç‰‡,ZMå­å–µ,"['allstar50', 'rating']",2012-09-03 11:28:49,1,,
0,è¿˜ä¸é”™ï¼Œå°±æ˜¯ç»“å±€è€å¥—,ä½ å•Šä½ å•Š,"['allstar30', 'rating']",2012-09-03 13:47:06,0,é‡åº†,Kanovak  2011-11-16åŠ å…¥
1,çœ‹å¾—çˆ½çˆ½çš„,è™¬é«¯éƒŽ,"['allstar50', 'rating']",2012-09-03 20:05:04,0,æ±Ÿè‹å—äº¬,56173618  2011-11-19åŠ å…¥
2,è§†è§‰å¬è§‰çš„é¥•é¤®ç››å®´ï¼Œä¸é—´æ–­çš„å¿ƒçµéœ‡æ’¼ï¼Œç»å…¸æ¼”ç»Žç¾Žå›½å¼è‹±é›„ã€‚,ç½‚è„‚è”»,"['allstar40', 'rating']",2012-06-19 00:42:38,0,,
3,ç»å¯¹å¼ºå¤§ï¼Œç»å¯¹å¥½çœ‹ï¼ï¼ï¼å½©è›‹ç»™åŠ›ï¼,ç™½ä¸è¿‡å„¿,"['allstar50', 'rating']",2012-09-03 10:07:13,0,åŒ—äº¬,59228737  2012-03-06åŠ å…¥
4,æ€»ç®—æœ‰äº†æƒ…èŠ‚,Drache,"['allstar50', 'rating']",2012-09-03 19:18:58,0,ä¸Šæµ·,cyantsao  2010-11-03åŠ å…¥
5,å¥½èŽ±åžå¤§ç‰‡ä¸å°±åº”è¯¥è¿™æ ·å—ï¼å¤§ç‰Œï¼Œç¾Žå¥³ï¼Œè£…å¤‡ï¼Œå¹½é»˜ï¼Œç‰¹æŠ€ï¼Œå†æžæžåŸºï¼æŠ–æ£®çœŸæ˜¯èŒå²äº†~çˆ±ä»–,å¤ªç©ºå†…çš„å¿«æ´»,"['allstar50', 'rating']",2012-09-03 21:03:08,0,ä¸Šæµ·,leozhuo0817  2011-03-05åŠ å…¥
6,è¿™ä¹ˆå¤šè§’è‰²é›†ä¸­å‡ºçŽ°åœ¨ä¸€éƒ¨ç”µå½±é‡Œï¼Œè¦ä¹ˆæµªè´¹é˜µå®¹è¦ä¹ˆæ˜¯éƒ¨ç»å…¸ï¼Œåº†å¹¸å¾ˆä¸é”™ã€‚,æ˜¥é£Žä¸è§£æ„,"['allstar40', 'rating']",2018-04-24 08:27:12,26,é™•è¥¿è¥¿å®‰,172195277  2018-01-06åŠ å…¥
7,å“ˆå“ˆå„ç§å¸…æ°”é€¼äºº,sangchen,"['allstar40', 'rating']",2012-09-03 23:37:12,0,,
8,è¿™éƒ¨ç”µå½±å°†æˆ‘ä»¬å¸¦å›žç«¥å¹´ï¼Œçœ‹åˆ°è‹±é›„ä»¬å¹¶è‚©æˆ˜æ–—ï¼Œæˆ‘å…´å¥‹ä¸å·²ã€‚,godzilla,"['allstar40', 'rating']",2018-04-20 06:54:31,28,,
9,å¯¹ä¸èµ·æˆ‘ç¡ç€äº†ã€‚ã€‚ã€‚,Rock,"['allstar40', 'rating']",2012-09-03 12:49:59,0,å¹¿ä¸œæ·±åœ³,rock2011  2007-06-10åŠ å…¥
10,çœ‹å®Œä¹‹åŽä¸€ä¸ªå­—â€”â€”ç‡ƒï¼,ç‡ƒçƒ§å§å°å®‡å®™,"['allstar50', 'rating']",2012-09-03 20:09:32,0,å¹¿ä¸œæ·±åœ³,64274502  2012-08-29åŠ å…¥
11,ç‰¹æ•ˆNBï¼Œå°è¯æžç¬‘,æœ±æœ±å°å½“å®¶,"['allstar40', 'rating']",2012-09-03 19:35:02,0,,
12,åŽ»ç”µå½±é™¢çœ‹3dçš„ï¼Œè‰¾çŽ›ï¼Œç‰¹å¸¦åŠ²çš„ã€‚ç»¿å·¨äººçœŸæ˜¯å¯çˆ±æžäº†ã€‚,mona,"['allstar50', 'rating']",2012-09-03 20:24:20,0,,
13,"ä»Žå¤´åˆ°å°¾çš„åæ§½æ˜¯æœ€æ¬¢ä¹çš„
",k.,"['allstar40', 'rating']",2012-09-03 10:10:26,0,é‡åº†,summer_T  2010-12-20åŠ å…¥
14,å…¶å®žè¿˜å¯ä»¥çš„ï¼Œè¿™ç§ç‰‡å­å°±å›¾ä¸ªçƒ­é—¹ï¼Œç»å¯¹å¤Ÿçƒ­é—¹ï¼Œå¤Ÿå¤§ç‰‡,yaozhifeng,"['allstar40', 'rating']",2012-09-03 09:02:53,0,ä¸Šæµ·,yaozhifeng  2010-04-05åŠ å…¥
15,ä¸è§£é‡Š,è’™ä¸‰æ°´,"['allstar50', 'rating']",2012-09-03 22:19:43,0,é‡åº†,64044059  2012-08-21åŠ å…¥
16,å„ç§è…•å„¿çš„é›†ç»“çš„è¶…çº§è‹±é›„ç‰‡å„¿,Skye,"['allstar50', 'rating']",2012-09-03 20:44:52,0,,
17,çˆ±æ­»é›·ç¥žå‘¢ï¼ï¼ï¼é’¢é“ä¾ ï¼ï¼,çž„å–µå’ª,"['allstar50', 'rating']",2012-09-03 22:17:23,0,,
0,åæ­£æ‰“å¾—å¥½ç²¾å½©ã€‚ã€‚ã€‚,å…‹åœå‹’â—æµ©å”,"['allstar50', 'rating']",2012-06-19 10:46:29,0,åŒ—äº¬,summernevergone  2008-10-21åŠ å…¥
1,å¾ˆå¥½           åªæ˜¯è§‰å¾—å°‘äº†ç‚¹æ„Ÿæƒ…ã€‚,æ—®æ—¯,"['allstar40', 'rating']",2012-09-03 10:50:55,0,,
2,åŠ¨ä½œå¤§ç‰‡è€Œå·²,å¤§è¥¿æ´‹çš„åœ°ç›˜,"['allstar30', 'rating']",2012-09-03 17:41:42,0,,
3,ç¬‘ç‚¹ä¸å°‘ï¼Œè€Œä¸”è¶…çº§è‹±é›„ä¹Ÿå–èŒï¼Œå¥½è¯„~å½“ç„¶ä¸€èµ·çœ‹ç”µå½±çš„äººä¹Ÿå¥½è¯„~,æ— å°½ã®å¤å¤©,"['allstar50', 'rating']",2012-06-19 09:46:10,0,åŒ—äº¬,holmes67  2009-08-22åŠ å…¥
4,æœ€å¤§äº®ç‚¹æ˜¯ä¸­äºŒå°‘å¹´LOKI,R,"['allstar40', 'rating']",2012-09-03 16:49:45,0,é™•è¥¿è¥¿å®‰,2477652  2008-05-13åŠ å…¥
5,è™½ç„¶æ˜¯å¤§é”…ç²¥ï¼Œä½†æ–™è¶³å‘³é¦™å°±å¥½ï¼,Sally,"['allstar50', 'rating']",2012-06-19 12:12:55,0,,
6,è¿˜æ˜¯åŠ¨ç”»ç‰ˆå¥½çœ‹,æ­²æœˆè¼•ç‹‚,"['allstar30', 'rating']",2012-06-17 09:09:16,0,æ±Ÿè‹å—äº¬,4301526  2009-05-30åŠ å…¥
7,è¶…çº§è‹±é›„å¤§èšä¼šï¼Œè¿˜ç”¨å¿ƒçš„ç©¿æ’äº†å‡ ä¸ªå¹½é»˜æ¡¥æ®µï¼Œå€¼å¾—ä¸€çœ‹~,äº‘ä¹‹å½¼ç«¯,"['allstar40', 'rating']",2012-09-03 10:05:50,0,,
8,ðŸ˜ðŸ˜ðŸ˜ç¾Žé˜Ÿçš„è‚Œè‚‰ï¼Œæˆ‘å¯ä»¥åƒå¾ˆä¹…,æ„¿æ­¤é—´å±±æœ‰æœ¨å…®,"['allstar40', 'rating']",2018-01-10 19:56:22,25,,
9,è¶…çº§è‹±é›„èšé½èµ·æ¥ç»´æŠ¤åœ°çƒçš„ç¾Žå¼åŠ¨ä½œå¤§ç‰‡,æˆ‘çˆ±æˆ‘çŽ°,"['allstar40', 'rating']",2012-09-03 16:32:44,0,åŒ—äº¬,63318995  2012-07-23åŠ å…¥
10,è¯è¯´æŠŠç‚¸å¼¹æ‰”åˆ°å¤©ç©ºçš„å‰§æƒ…æœ€è¿‘åœ¨å¥½å‡ ä¸ªåœ°æ–¹éƒ½çœ‹åˆ°äº†- -å•Šä¸è¿‡çªç„¶å‘çŽ°æ–¯å˜‰ä¸½çº¦ç¿°é€Šçš„å˜´å”‡çœŸæ€§æ„Ÿ~~,Breudrax,"['allstar40', 'rating']",2012-09-04 01:30:15,0,,
11,ä¸ºäº†ä¸–ç•Œå’Œå¹³ï¼Œèšé›†çš„å‡ ä½è¶…èƒ½åŠ›è€…ï¼Œå‰§ä¸­å‡ ä¸ªç¬‘ç‚¹æ•ˆæžœå¾ˆå¥½ï¼Œç»¿å·¨äººæµ©å…‹è¡¨æ¼”å¾ˆå‡ºå½©ï¼Œå’Œæˆ˜å‹çš„ä¸¤åœºè°ƒä¾ƒæˆä»½çœŸçš„å¾ˆåˆ°ä½ï¼Œæœ‰ç‚¹éŸ©å¼å–œå‰§ã€‚ä¸¤ä¸ªå¤šå°æ—¶çš„ç‰‡ï¼Œçœ‹å®Œè‡³å°‘æ²¡æœ‰çžŒç¡æ¥ï¼Œæ„çŠ¹æœªå°½ã€‚å°±å‡­è¿™ç‚¹ï¼Œå·²ç»å¾ˆä¸é”™äº†ï¼Œè€Œä¸”ç¡®å®žä¹Ÿè›®å¥½çœ‹çš„,äº‘æ‚¦,"['allstar40', 'rating']",2012-09-03 10:58:54,0,,
12,åªæƒ³è¯´æ´›åŸºçœŸå¿ƒæ˜¯å²ä¸Šæœ€è„‘æ®‹boss...,é—²æ¸,"['allstar40', 'rating']",2012-09-03 12:08:09,0,,
13,çƒ­çƒ­é—¹é—¹è›®å¥½çœ‹çš„ï¼Œæˆ‘å–œæ¬¢é¹°çœ¼å•ŠçœŸçš„å¾ˆå¸…ï¼Œå˜¿å˜¿~,çº¢è¢–æ·»é¥­,"['allstar40', 'rating']",2012-09-03 16:10:07,0,,
14,è¯è¯´æˆ‘åŽ»äº†è¶ŸåŽ•æ‰€æŠŠæœ€ç²¾å½©çš„éƒ¨åˆ†é”™è¿‡äº†ã€‚,å°æ‡¶åŒå­¸ -,"['allstar40', 'rating']",2012-09-03 20:40:19,0,"Barcelona, Spain",pandor  2010-07-28åŠ å…¥
15,å¥½å¼±çš„ç¥ž,flowermix,"['allstar40', 'rating']",2012-09-03 10:44:06,0,,
16,å¼ºå¤§çš„è§†è§‰åˆºæ¿€ã€å…¨æ˜Žæ˜Ÿé˜µå®¹ã€éœ‡æ’¼çš„é…ä¹......,S.A.T.S@S.C,"['allstar40', 'rating']",2012-09-03 22:42:11,0,åŒ—äº¬,44817600  2010-08-15åŠ å…¥
17,æµ©å…‹æ— æ•Œï¼Œå¤–æ˜Ÿäººå¼±çˆ†äº†,sungodhead,"['allstar40', 'rating']",2012-09-03 21:11:29,0,,
18,å¤§ä¹±æ–—çœ‹çš„å¾ˆè¿‡ç˜¾,æ½‡æ¹˜çƒŸé›¨,"['allstar40', 'rating']",2018-04-17 08:50:07,26,å¤©æ´¥,165023952  2017-08-08åŠ å…¥
0,"3.5/5 superheros, american pride.",ï¼¦lamingo,"['allstar30', 'rating']",2012-06-19 10:09:19,0,"New York City, United States",Flamingo890  2006-01-18åŠ å…¥
1,æœ€å–œæ¬¢ç»¿å·¨äºº~,å¯å…éƒ½å…æŽ‰,"['allstar30', 'rating']",2012-06-19 10:16:44,0,,
2,ç¾¤æ®´ç‰‡ã€‚å„ç§2ï¼Œå°¤å…¶æ˜¯ç¾Žå›½é˜Ÿé•¿å’Œé›·ç¥žï¼Œæ¥ä¸€æ¬¡ç¬‘ä¸€æ¬¡ã€‚ä½†éƒ½2012å¹´äº†ï¼Œè¿˜çŽ©æ ¸å¼¹â€¦è€Œä¸”åæ´¾bosså¤ªå¼±äº†â€¦ä¸‹ä¸€é›†æ˜¯çº¢è„¸å¤–æ˜ŸçŒ©çŒ©å´›èµ·ä¹±å…¥ä¹ˆï¼Ÿï¼,æœ¨å«äºŒ,"['allstar30', 'rating']",2012-05-06 13:48:31,18,å››å·æˆéƒ½,MovieL  2006-03-29åŠ å…¥
3,è¿™ç§è¶…çº§è‹±é›„å¤§ç‰‡å°±å„æ‰¾èŒç‚¹å§ï¼,Aå®,"['allstar40', 'rating']",2012-06-19 09:47:55,0,,
4,å‰§æƒ…ç®€å•ï¼Œåæ´¾é¢‡å¼±ï¼Œéœ€è¦äº›ç§‘æ™®æ‰èƒ½çœ‹çš„æ›´æ‡‚ï¼Œæžç¬‘ç¨‹åº¦å’Œæ•ˆæžœéƒ½è¿˜ä¸é”™ã€‚ä¸­æ–‡å­—å¹•ç»„æ˜¯äº®ç‚¹ = =,é¾™å¤©è¡¡,"['allstar40', 'rating']",2012-06-19 12:45:23,0,,
5,1+N=å¤ä»‡è€…è”ç›Ÿ=ç¥¨æˆ¿,just game,"['allstar50', 'rating']",2012-06-19 06:00:06,0,,
6,å‰åŠéƒ¨åˆ†ç¡ç€äº†ï¼Œï¼Œï¼Œé«˜æ½®éƒ¨åˆ†åˆšå¥½æœ‰ç²¾ç¥žæ¬£èµï¼Œï¼Œæ²¡çœ‹è¿‡å‰æˆçš„æœ‹å‹è¿˜æ˜¯åšäº†åŠŸè¯¾å†çœ‹ï¼Œï¼Œä¸ç„¶ä¼šå’Œæˆ‘ä¸€æ ·å®Œå…¨çŠ¶å†µå¤–ï¼Œï¼ŒIMAXç”»é¢ç‰¹æ•ˆæ²¡è¯è¯´ã€‚ã€‚ã€‚ã€‚,çž¾æ›Œæ²¡æ›Œçž¾äº†,"['allstar30', 'rating']",2012-06-19 06:17:24,0,,
7,ç¾Žå›½ä¸»ä¹‰ç‰‡å­ã€‚ã€‚è‹±é›„æ€»æ˜¯æ— æ•Œçš„ï¼Œä¸ä¼šæ­»çš„ï¼,é»‘è‰²çš„é¢œ,"['allstar30', 'rating']",2012-06-19 10:23:17,0,,
8,é˜µå®¹å¼ºå¤§ï¼Œé›†ç»“äº†ç¾Žå›½æ¼«ç”»ä¸­çš„ç»å¤§æ•°è‹±é›„ï¼Œåœºé¢ä¹Ÿå¾ˆåºžå¤§ã€‚,éš¨é¢¨qÃ¹é—–è•©,"['allstar40', 'rating']",2012-06-19 12:21:24,0,,
9,çŒ›ç”·ç®¡è›‹ç”¨ åŠæ‰“æ‰æ”¶äº†ä¸€ä¸ªå°–è„¸,RITA,"['allstar30', 'rating']",2012-04-27 05:43:14,27,"Paris, France",RITABMW  2007-06-16åŠ å…¥
10,æ— èŠå¼±æ™ºï¼Œå¤§ä¹±ç‚–ï¼Œç‹—è¡€å‰§æƒ…,å·²æ³¨é”€,"['allstar10', 'rating']",2018-04-23 07:34:27,25,,
11,ç»¿å·¨äººå¨æ­¦ï¼,_MasQ,"['allstar50', 'rating']",2012-06-17 06:48:47,0,ä¸Šæµ·,2609209  2008-06-17åŠ å…¥
12,ç¾Žå›½å¤§ç‰‡åŽ»å½±é™¢æ„Ÿå—ä¸‹ï¼Œåˆºæ¿€åˆºæ¿€æŒºå¥½å‘µå‘µ,å…ƒå­,"['allstar40', 'rating']",2012-06-17 08:02:20,0,å±±ä¸œé’å²›,4514152  2009-06-30åŠ å…¥
13,è¶…çº§è‹±é›„ä»€ä¹ˆçš„ï¼Œæˆ‘å®žåœ¨æ˜¯ç†è§£æ— èƒ½ã€‚ã€‚æ›´é‡è¦çš„æ˜¯ï¼Œä¸ºä»€ä¹ˆ3dçœ¼é•œæ˜¯å¢¨é•œï¼Ÿæˆ‘çœ‹é›¨æžœæ—¶å°±æƒ³é—®äº†ã€‚çœŸçš„å¥½é»‘å•Šï¼é€”ä¸­æˆ‘æ— æ•°æ¬¡æ‘˜ä¸‹çœ¼é•œå‘çŽ°åªæœ‰å­—å¹•åœ¨3dã€‚ã€‚,åæ—¶å·®,"['allstar30', 'rating']",2012-04-29 19:30:31,27,ä¸­å›½é¦™æ¸¯,ananpsc  2005-11-13åŠ å…¥
14,è‚¿ä¹ˆåŠž= =å¯¹é‚£ä¸ªå°„ç®­çš„æ¬²ç½¢ä¸èƒ½äº†ï¼ï¼,dncjkebhascvdc,"['allstar50', 'rating']",2012-06-17 11:30:06,0,,
15,åªæœ‰åˆºæ¿€äº†,dennis,"['allstar40', 'rating']",2012-06-17 09:17:37,0,æ±Ÿè‹å—äº¬,D.N.S  2008-11-17åŠ å…¥
16,"é“ºåž«äº”éƒ¨ç”µå½±æ¢æ¥å¤ä»‡è€…ç¬¬ä¸€æ¬¡é›†ç»“ï¼Œä¹Ÿæ˜¯å²ä¸Šç¬¬ä¸€éƒ¨è¶…çº§è‹±é›„é›†ç»“ç”µå½±ï¼Œå½“ä¹‹æ— æ„§çš„çŽ°è±¡çº§ä½œå“ã€‚
å³ä¾¿æ˜¯ç”¨çŽ°åœ¨çœ¼å…‰æ¥çœ‹ã€Šå¤è”1ã€‹ä¹Ÿæ˜¯æ•™ç§‘ä¹¦å¼çš„ç¾¤åƒç‰‡ï¼Œå‰30åˆ†é’Ÿå®žçŽ°ç¾Žé˜Ÿã€ç»¿å·¨äººã€é»‘å¯¡å¦‡çš„é›†ç»“ï¼Œç¬¬50åˆ†é’Ÿé¹°çœ¼ä¹‹å¤–çš„äº”å·¨å¤´èšé¦–ï¼Œé“ºåž«å’Œè§„åˆ’å¤©è¡£æ— ç¼ã€‚
åŒæ—¶ä¹ŸåŠ å…¥äº†è®¸å¤šçŸ›ç›¾å’Œå†…ä¹±çš„æ¡¥æ®µï¼Œæ¯”å¦‚é’¢é“ä¾ å’Œé›·ç¥žã€é’¢é“ä¾ å’Œç¾Žé˜Ÿã€é›·ç¥žå’Œç»¿å·¨äººã€å¤ä»‡è€…å’Œå°¼å…‹Â·å¼—ç‘žéƒ½äº§ç”Ÿè¿‡åˆ†æ­§ï¼Œä½¿å¾—å‰§æƒ…æ›´åŠ ä¸°æ»¡ï¼Œä¹Ÿä¸ºæ‰§è¡Œä»»åŠ¡å¢žåŠ äº†éš¾åº¦ã€‚
æœ€å·§å¦™çš„æ˜¯å¼•å‡ºäº†å¿ƒçµå®çŸ³ï¼Œæ´›åŸºç”¨å¿ƒçµå®çŸ³è®©å¤ä»‡è€…å†…æ–—ï¼Œæ—¢ç¬¦åˆæ´›åŸºçš„ä½œé£Žï¼Œåˆç¡®ä¿äº†å¤ä»‡è€…çš„èƒœåˆ©ä¸ä¼šæ¥å¾—å¤ªå®¹æ˜“ã€‚
æ— è®ºæ˜¯å‰§æœ¬è¿˜æ˜¯è§„åˆ’éƒ½ç›¸å½“å®Œç¾Žã€‚
å€¼å¾—ä¸€æçš„æ˜¯ç”µå½±å¼€å¤´å‡ºçŽ°äº†â€œå¤©é©¬è®¡åˆ’â€ï¼Œå’Œã€ŠæƒŠå¥‡é˜Ÿé•¿ã€‹å½¢æˆå‘¼åº”ã€‚
PSï¼šæ–¯å¦Â·æŽå‡ºçŽ°åœ¨ç¬¬130åˆ†ï¼›ç¬¬ä¸€ä¸ªå½©è›‹æ˜¯ç­éœ¸ï¼›ç¬¬äºŒä¸ªå½©è›‹æ˜¯ä¼—äººä¸€èµ·åƒæ²™ç“¦çŽ›çƒ¤è‚‰ã€‚",å‡Œç¿,"['allstar50', 'rating']",2012-08-18 01:18:23,24,é‡åº†,lingrui1995  2012-08-07åŠ å…¥
17,ä¸æ˜¯æˆ‘çš„èœ...ä¸­é—´å·®ç‚¹ç¡ç€..,æ„›çµ²å¸Œé›…,"['allstar30', 'rating']",2012-06-17 09:56:07,0,,
18,çœŸå¿ƒéš¾çœ‹ã€‚ä½œä¸ºDCè¿·ï¼Œè¿˜æ˜¯çœ‹è™è ä¾ å’Œè¶…äººæžåŸºæ¯”è¾ƒæœ‰æ„æ€,Leon,"['allstar30', 'rating']",2012-06-17 07:36:18,0,,
0,è¯ç—¨ç‰‡+èµ°è¿‘ç§‘å­¦,å¤§å®¸,"['allstar30', 'rating']",2012-05-06 18:10:02,19,,
1,ç¬¬ä¸€æ¬¡çœ‹åˆ°è‹±é›„å¤§é›†åˆè¿˜æ˜¯å¾ˆæ¿€åŠ¨çš„ï¼Œæœ€å–œæ¬¢ç¾Žå›½é˜Ÿé•¿å’Œé»‘å¯¡å¦‡ã€‚åœºé¢è¿˜æ˜¯æ²¡å¾—è¯´ï¼Œéžå¸¸é…·ç‚«ï¼Œè®©äººçœ¼èŠ±ç¼­ä¹±ã€‚,ä¸–ç•Œå°½å¤´,"['allstar40', 'rating']",2018-04-25 07:01:31,23,,
2,æ¼«å¨ä½œå“ï¼ŒåŠ¨ä½œåœºé¢å’Œç‰¹æ•ˆéƒ½å¾ˆåŽ‰å®³ï¼Œä¸€ç¾¤è¶…çº§è‹±é›„èšåœ¨ä¸€èµ·ä½¿ç”µå½±ååˆ†æœ‰è¶£ï¼Œæˆ‘è§‰å¾—ç”µå½±è¿˜æ˜¯å€¼å¾—ä¸€çœ‹çš„ï¼Œå‡†å¤‡çœ‹ç¬¬ä¸‰éƒ¨ã€‚,å®å®,"['allstar40', 'rating']",2018-04-24 23:30:00,24,,
3,"è™½ç„¶ä½œä¸ºé™ªç”·å‹çœ‹çš„å¥³å‹.. åŸºæœ¬åªçœ‹æ‡‚äº†æžç¬‘çž¬é—´ -,- è€å¥—çš„ç»å…¸  02/06/2012",ä¸‰ä¸ƒäºŒæ˜Ÿ,"['allstar40', 'rating']",2012-06-13 02:27:47,0,,
4,ç‰¹æ•ˆæ»¡è¶³äº†çœ¼çƒï¼Œå‰§æƒ…ä¸è„‘æ®‹è¶³çŸ£,æœªæ™“,"['allstar50', 'rating']",2012-06-17 12:26:11,0,,
5,å¥½ç‡ƒT T å“ˆå“ˆå“ˆå“ˆå¥½æžç¬‘ åŽ»ç”µå½±é™¢å€¼äº†-0- æˆ‘çˆ±é˜Ÿé•¿,FiTcyXDD,"['allstar50', 'rating']",2012-06-17 08:31:24,0,,
6,è‹±é›„å¤§æ‹¼ç›˜ï¼Œå…¨åœºéƒ½æ˜¯ç¬‘ç‚¹â€¦â€¦,æ²¹æ³¡å¡žè‚‰,"['allstar40', 'rating']",2012-06-17 10:14:32,0,,
7,å°±è®°å¾—ä¸€ä¸ªå­—ï¼Œå¸…,å‡è£…ä¸å­¤å•,"['allstar40', 'rating']",2012-06-17 11:34:22,0,,
8,å¾ˆé…·çš„ç”µå½±å•Šï¼Œçœ‹å¾—æ¿€æƒ…å››å°„,ashleyÂ°é›ª,"['allstar50', 'rating']",2012-06-17 12:14:11,0,,
9,è¯´å®žè¯ç‰¹æ•ˆå¤ªèµžäº†ï¼ï¼éžå¸¸å€¼å¾—åŽ»ç”µå½±é™¢çœ‹ã€‚,æ²«æ²«,"['allstar50', 'rating']",2012-06-17 11:50:11,0,,
10,çº¯ç§ç¾Žå›½è‹±é›„ä¸»ä¹‰ç§‘å¹»ç‰‡ï¼Œå¾ˆå•†ä¸šï¼Œå¾ˆä¸“ä¸šï¼Œå¾ˆç¾Žå¼ï¼Œå¾ˆè‹±é›„ï¼Œå¾ˆç§‘å¹»ã€‚,terrance_miu,"['allstar40', 'rating']",2012-06-17 10:32:18,0,,
11,å¯ä»¥å…»åªç»¿å·¨äººä¹ˆ,Biubiuâ€¢~,"['allstar40', 'rating']",2012-06-17 11:10:06,0,ç¦å»ºåŽ¦é—¨,cjling  2011-12-24åŠ å…¥
12,"ä¸€é”…ç²¥ã€‚ã€‚
",tomshiwo,"['allstar10', 'rating']",2012-05-05 22:07:34,24,åŒ—äº¬,tomshiwo  2007-03-02åŠ å…¥
13,é’¢é“ä¾ å¤ªç—žäº†ï¼Œlol,å°æ¡ƒçº¢,"['allstar30', 'rating']",2012-06-19 12:57:43,0,,
14,ä¸€å¼€å§‹çœ‹åˆ°nortonå˜æˆäº†mark ruffaloè¿˜æ˜¯æœ‰ç‚¹å¤±æœ›çš„ï¼Œä½†æ˜¯å¹³å¿ƒè€Œè®ºï¼Œæ¼”çš„æ¯”nortonå¥½å•Šï¼ŒjeremyçŽ°åœ¨æ··å¾—ä¸é”™äº†å“¦,å®‰å¾·çƒˆÂ·çš®çš®,"['allstar50', 'rating']",2012-09-02 02:33:06,0,ä¸Šæµ·,yinmouren  2007-04-17åŠ å…¥
15,å¤§ç‰‡å•¦ï¼å¾ˆä¸é”™å•¦ï¼æžåŸºä¸‡èƒ½å•¦ï¼,mibii,"['allstar40', 'rating']",2012-06-19 13:46:27,0,,
16,æ´›åŸºè¢«ç»¿å·¨äººç—›æ‰å¤§æ¦‚æ˜¯æœ€ç²¾å½©çš„ç¬‘ç‚¹ï¼Œå®Œå…¨çš„ç¾Žå›½è‹±é›„ä¸»ä¹‰ç”µå½±å•Šï¼Œå¯æƒœè‹±é›„è¿˜å°‘äº†ç‚¹,ç´«é¦¨,"['allstar40', 'rating']",2012-06-19 17:52:38,0,,
17,æˆ‘å–œæ¬¢è¿™éƒ¨ç”µå½±ï¼Œå› ä¸ºæˆ‘çœ‹åˆ°äº†æ¯ä¸ªå•ç‹¬çš„è§’è‰²æ‰€ä»˜å‡ºçš„åŠªåŠ›ã€‚,ä¸œç¯±,"['allstar40', 'rating']",2018-04-27 09:44:48,18,,
18,å°±åƒå°æ—¶å€™çŽ©ã€Šé‡‘åº¸ç¾¤ä¾ ä¼ ã€‹çš„æ„Ÿè§‰ï¼Œæ¨è¿‡è§å³°ä»¤ç‹å†²éŸ¦å°å®ç­ç»å¸ˆå¤ªä¹±å…¥ï¼Œå¤§å‰‚é‡çš„é¸¡è¡€highç¿»å¤©ï¼åœ¨å®ƒæ‰€æœ‰çš„ä¼˜ç‚¹é‡Œï¼Œæˆ‘æœ€æ¬£èµå®ƒæ— æ‰€ä¸åœ¨çš„å¹½é»˜æ„Ÿã€‚(PSï¼šæ°ç‘žç±³é›·çº³å°„ç®­å¤ªå¸…äº†ï¼æˆ‘è¦å­¦å°„ç®­å•Šå•Šå•Šï¼ï¼ï¼),è¨åº“æ‹‰,"['allstar50', 'rating']",2012-04-27 00:25:02,18,ä¸­å›½é¦™æ¸¯,iisakura  2009-05-15åŠ å…¥
19,çƒ­é—¹ï¼Œå¥½çœ‹ã€‚,High Five,"['allstar40', 'rating']",2012-06-17 16:05:14,0,,
0,æ€»ç®—èµ¶ä¸Šäº†ä¸‹æ˜ å‰æœ€åŽä¸€åœºï¼Œå¥½çœ‹ï¼ŒåˆèŒåˆé›·åˆäºŒï¼Œç”©å˜3å¥½å‡ æ¡é“¶æ²³ç³»äº†ã€‚lokiï¼Œä½ çš„å’å“¥é€ åž‹è®©æˆ‘å¿«æ†‹å‡ºå†…ä¼¤äº†,Freda,"['allstar40', 'rating']",2012-06-19 13:10:01,0,,
1,"â€œThe bright lure of freedom diminishes your life's joy in a mad scramble for power, for identity.â€",YM,"['allstar30', 'rating']",2012-06-17 14:25:57,0,ä¸­å›½é¦™æ¸¯,3341338  2008-12-13åŠ å…¥
2,è‹±é›„ä¸»ä¹‰ç”µå½±çœ‹ç€å¾ˆæ¬¢ä¹å“ˆå“ˆ,å°¾å·´æ˜¯èŠ±æ´’çš„ç†Š,"['allstar40', 'rating']",2012-06-17 13:46:48,0,"San Francisco Bay Area, United States",huhuqiqian  2006-11-24åŠ å…¥
3,"2012.05 @ æœç§€å½±åŸŽ
èƒ½æŠŠè¿™ä¹ˆå¤šå¶åƒçº§è‹±é›„æ‰æå¾—å¦‚æ­¤å¦¥å¸–ï¼Œç‰‡å­çš„åŠŸåŠ›å’Œå¨±ä¹æ€§æ¯‹åº¸ç½®ç–‘ã€‚",DennisZz9,"['allstar40', 'rating']",2012-06-17 22:36:58,0,åŒ—äº¬,DennisZz9  2007-03-03åŠ å…¥
4,æœ‰äººè¯´ç»¿å·¨äººæ˜¯å…¨ç‰‡æœ€äº®ç‚¹,xp,"['allstar50', 'rating']",2012-06-17 17:27:58,0,"Paris, France",xpoxp  2009-11-06åŠ å…¥
5,æœ¬ä»¥ä¸ºæ˜¯åˆæ˜¯ç¾Žå›½ä¸ªäººè‹±é›„ä¸»ä¹‰çš„çƒ‚ä¿—å‰§æƒ…ï¼Œä½†æ˜¯çœ‹çš„æ—¶å€™å„ç§æˆ³ä¸­ç¬‘ç‚¹ï¼Œæ²¡æƒ³åˆ°ç»¿å·¨äººä¹Ÿæ‹…å½“èµ·äº†é€—å“çš„é‡ä»»ï¼Œå“ˆå“ˆï¼›æ–¯å˜‰ä¸½çš„è¡¨çŽ°å®žåœ¨æ˜¯å‡ºè‰²ï¼Œæˆ‘éƒ½æ²¡æ€Žä¹ˆçœ‹æˆ‘å®¶å°ç½—ä¼¯ç‰¹Â·å”å°¼ï¼›æ‰˜å°”è¿˜æ˜¯ä¸€å¦‚æ—¢å¾€çš„æŒ«ç”·ä¸€ä¸ªï¼Œç¾Žå›½é˜Ÿé•¿çš„ç›¾ç‰Œæˆ‘ä¹Ÿæƒ³è¦ä¸€ä¸ª>ã€‚<æœ€åŽç»“å±€çš„å¤§bugï¼šé›·ç¥žè¿™ä¹ˆå¥½çš„ä¸€ä¸ªç§»åŠ¨ç”µæºé’¢é“ä¾ å±…ç„¶ä¸ç”¨ï¼,ä¸‹æ¬¡è¿˜è¿™æ ·,"['allstar50', 'rating']",2012-06-27 02:30:32,0,,
6,ç»¿å·¨äººå¾ˆåŽ‰å®³,niqi120,"['allstar40', 'rating']",2012-06-17 17:53:30,0,,
7,åŽŸæ¥æ˜¯4Dçš„æ•ˆæžœè¶…çº§å¥½~~çœ‹å¾—å¾ˆè¿‡ç˜¾~~~ä¸€æƒŠä¸€ä¹çš„ã€‚ã€‚ã€‚ã€‚å“ˆå“ˆ  ã€‚ã€‚ã€‚,DaoDao,"['allstar50', 'rating']",2012-06-19 14:09:06,0,,
8,èˆ‰é‡è‹¥è¼•ï¼æ„å¤–é©šå–œï¼ï¼éŸ‹å°Žå¤§èƒ½ï¼æˆ‘è»å¸ä»¤å¤§èƒ½ï¼ï¼,Mona Lishark,"['allstar50', 'rating']",2012-04-23 17:23:22,126,Isle of Man,run11run  2007-11-12åŠ å…¥
9,è¿˜å¥½æ‰“æ–—å¤Ÿé•¿ä¸æž‰æˆ‘ç­‰å¾…å†—é•¿çš„å‰å¤§åŠéƒ¨ï¼,è‹—å°K,"['allstar40', 'rating']",2012-06-06 02:32:12,0,,
10,çº¯ç²¹çš„ç¾Žå›½è‹±é›„ä¸»ä¹‰ç”µå½±ï¼Œå’Œå˜å½¢é‡‘åˆš 2012ï¼Œå‰§æƒ…èŠ‚å¥æ²¡ä»€ä¹ˆåŒºåˆ«ã€‚,L ã€,"['allstar40', 'rating']",2012-06-19 17:41:11,0,,
11,å„ç§æ‰“æ–—å¾ˆç‡ƒå•Šï¼ç”»é¢å¤ªéœ‡æ’¼ï¼Œçœ‹å¾—å¾ˆè¿‡ç˜¾,æ©˜çŒ«,"['allstar50', 'rating']",2018-04-26 22:49:04,16,,
12,é›¶ç‚¹é¦–æ˜ æžœç„¶ä¸åŒå‡¡å“ å®…ç”·å¥‡å¤š å› ä¸ºè§‚å½±å‰ç‰¹åœ°æ¸©ä¹ è€çˆ¸è€å¦ˆæµªæ¼«å²çš„ç¼˜æ•… è§åˆ°æŸè¡Œæ”¿äººå‘˜æžœæ–­ç¬‘åœº å…¨ç‰‡ç‡ƒç‚¹ä»Žåœ°ä¸ŠåŸºåœ°å…¨æ¯å¼€å§‹ åˆ°ç»¿å·¨äººä¸€æ‹³å‡»å é’¢é“é¾™æ—¶è¾¾åˆ°é«˜æ½® éš¾èƒ½å¯è´µçš„æ˜¯å¤§åœºé¢åŽæ€»æ˜¯æŽ¥ä¸Šå°èŒç‚¹ å…¨ç‰‡142åˆ†é’Ÿå…¨æ— å†·åœº å †ç‰¹æ•ˆä¸æƒœè¡€æœ¬ ç›®æµ‹å¯è¿›å…¥å¹´åº¦å‰ä¸‰ï¼ˆä»»é€‰å°åœºæ™¯å·²ç§’æ€è¶…çº§æˆ˜èˆ°å…¨éƒ¨äº†,æ–‡æ³½å°”,"['allstar50', 'rating']",2012-05-05 15:15:13,14,"ZÃ¼rich, Switzerland",wenzel  2007-08-20åŠ å…¥
13,æœ€åŽ30åˆ†é’Ÿæ‹¯æ•‘å…¨ç‰‡ï¼Œå¦åˆ™æˆ‘åªç»™1é¢—æ˜Ÿï¼Œæ˜Žæ˜Žæ˜¯ä¸€éƒ¨çˆ†ç±³èŠ±ç”µå½±ï¼Œæˆ‘ä¸€æ¡¶çˆ†ç±³èŠ±éƒ½åƒå®Œäº†è¿˜æ²¡highèµ·æ¥ï¼Œä»‹æ˜¯æžæ¯›å•Šï¼ä¸€ç¾¤çˆ·ä»¬åµæ¥åµåŽ»çš„ï¼Œè¯¥æ‰“ä¸åŽ»æ‰“ï¼Œè¿˜æ²¡ä¸€å¨˜ä»¬æ‰“å¾—å¥½çœ‹ï¼›ã€‚ä¸­å½±çš„3Dçœ¼é•œæ˜Žæ˜Žå°±æ˜¯å¢¨é•œï¼Œé“¶å¹•æ¯”å‰§æƒ…è¿˜é»‘ï¼›ç»¿å·¨äººè´¡çŒ®å…¨åœºä¸‰å¤§ç¬‘ç‚¹ï¼Œåˆå‘†åˆèŒï¼Œç§’æ€å…¨åœºã€‚,è’œ | BOY AâœŽ,"['allstar30', 'rating']",2012-05-08 22:21:21,12,å››å·æˆéƒ½,movie007wn  2006-10-07åŠ å…¥
14,çˆ†ç±³èŠ±ç”µå½±ã€‚çƒ­é—¹ï¼Œç‚«ç›®,david,"['allstar30', 'rating']",2012-06-19 16:28:21,0,,
15,å¾ˆä¸é”™ï¼ŒæœŸå¾…å…¶ç»­é›†ï¼Œå¦‚æžœçœ‹è¿‡å¦å¤–4éƒ¨å•ç‹¬çš„å†åŽ»çœ‹ä¼šæ›´æ£’çš„~,å¯å¯è¦å¿«ä¹,"['allstar40', 'rating']",2012-06-19 14:03:37,0,ä¸Šæµ·,perfect-niki  2010-07-02åŠ å…¥
16,æ„Ÿè§‰è¿™ç±»å½±ç‰‡ä¸­åªæœ‰å¤ä»‡è€…è”ç›Ÿå’Œé›·ç¥žå¥½çœ‹ï¼Œå…¶ä»–éƒ½å¾ˆç²—ç³™è€Œä¸”å‰§æƒ…è¿‡åº¦å¤ªå¿«ï¼Œæ„Ÿè§‰æ²¡å¿…è¦å¤ªè¿‡çº ç»“äºŽå‰§æƒ…æ˜¯å¦åˆç†ï¼Œæˆ–è€…æ˜¯å¦å‰§æƒ…å¤Ÿç»†è…»ã€‚å³ä¾¿åªæ˜¯è¿™ç§å¯Œæœ‰æƒ³è±¡åŠ›çš„äººç‰©ç»“åˆï¼Œè¿‡ç˜¾çš„æ‰“æ–—åœºæ™¯å’Œæžç¬‘çš„æƒ…èŠ‚å·²ç»éžå¸¸äº†ä¸èµ·éžå¸¸å€¼å¾—çœ‹äº†ï¼Œæ¯•ç«Ÿåˆ’æ—¶ä»£çš„ç”µå½±æ˜¯å°‘æ•°,LEOèµ«æœ¬,"['allstar50', 'rating']",2012-06-19 15:48:30,0,,
17,äººç‰©å¤ªå¤šï¼Œçœ¼èŠ±ç¼­ä¹±ï¼Œåç­‰æ­£ä¹‰è”ç›Ÿï¼Œå¸Œæœ›ç²¾å½©ä¸€ç‚¹,é˜¿é’Ÿæ¥äº†,"['allstar30', 'rating']",2012-06-19 16:29:40,0,,
0,äº«å—ä¸€åœºè¶…çº§è‹±é›„ä»¬å¸¦æ¥çš„è§†è§‰ç››å®´å§,Lie to Me,"['allstar50', 'rating']",2012-06-17 12:56:16,0,,
1,ä¸Žç¾Žå›½ç”µå½±ä¸€è´¯çš„ä¸ªäººè‹±é›„ä¸»ä¹‰ä¸åŒ  è¿™æ˜¯éƒ¨å…³äºŽé›†ä½“è‹±é›„çš„ç”µå½±,çŽ«ç‘°æ²¡æœ‰å°çŽ‹å­,"['allstar40', 'rating']",2012-06-17 13:23:01,0,é‡åº†,55677796  2011-10-31åŠ å…¥
2,ç¾Žå›½è‹±é›„ä¸»ä¹‰è¯ é‡Šçš„é›†åˆä½“,vWei,"['allstar40', 'rating']",2012-06-17 16:05:47,0,,
3,æ—©è¯´æœ‰æ–¯å˜‰ä¸½ æˆ‘æ—©å°±çœ‹äº†,Adrian13,"['allstar30', 'rating']",2012-06-17 20:25:36,0,ä¸Šæµ·,1489249  2007-04-01åŠ å…¥
4,æœ‰è¿™æ ·çš„æ˜Žæ˜Ÿé˜µå®¹ï¼Œè¿˜åœ¨ä¹Žä»€ä¹ˆç‹—è¡€å‰§æƒ…ï¼Ÿï¼,Scar,"['allstar50', 'rating']",2012-06-17 23:01:05,0,,
5,çº¯æ¬¢ä¹,CeCi,"['allstar40', 'rating']",2012-06-17 22:34:37,0,åŒ—äº¬,xunzai  2007-05-12åŠ å…¥
6,æ±‚ä¸€å¥—é’¢é“ä¾ çš„è£…å¤‡,é»Žæ˜ŽLeon,"['allstar50', 'rating']",2012-06-17 19:41:19,0,åŒ—äº¬,joe1008  2010-11-30åŠ å…¥
7,ç²¾å½©ç´§å‡‘çš„çˆ†ç±³èŠ±é«˜ç§‘æŠ€æ— è„‘å¤§ç‰‡ï¼Œç¬‘ç‚¹å¤šï¼Œæ¯”æ¯ä¸€éƒ¨å•ç‹¬ç³»åˆ—è‹±é›„ä¼ éƒ½å¥½ã€‚è®²è¿°ä¸€ç¾¤å¿ƒæ™ºä¸å…¨çš„è¶…èƒ½å„¿å¦‚ä½•çŸ«æ­£ä¸‰è§‚æ‹¯æ•‘åœ°çƒçš„æ•…äº‹ã€‚å½“ç„¶å¦‚æžœç”±çˆ±å¾·åŽæ¥æ¼”ç»¿å·¨äººæˆ‘ç»å¯¹ä¼šæžä¸ç†æ™ºçš„æ‰“äº”æ˜Ÿã€‚,å­™æ­¤æ–¹,"['allstar40', 'rating']",2012-05-06 00:44:11,6,,
8,ä¸€èˆ¬èˆ¬çš„è‹±é›„ç‰‡ã€‚ï¼ˆæˆ‘å€’çœ‹å¾—æ´¥æ´¥æœ‰å‘³ï¼Œä½†å¥³å‹ç¡ç€äº†ï¼‰,è½»éª‘æ¼«æ­¥,"['allstar30', 'rating']",2012-06-17 19:58:21,0,,
9,ç¾Žå›½æ¼«ç”»è‹±é›„ç”µå½±å¤§ä¹±ç‚–ä¹‹å²ä¸Šæœ€å¼ºã€‚,å¼ å°åŒ—,"['allstar40', 'rating']",2012-05-06 01:50:38,16,åŒ—äº¬,xzfd  2008-03-04åŠ å…¥
10,è¡¥å……è®°å½• 31,Wandaã€‚L,"['allstar40', 'rating']",2012-06-17 20:52:39,0,åŒ—äº¬,Lin.Island  2009-08-10åŠ å…¥
11,å…¶å®žï¼Œè¿™æ˜¯ä¸€éƒ¨å…¸åž‹çš„ç¾Žå›½è‹±é›„ä¸»ä¹‰çš„ç”µå½±ï¼Œå®£æ‰¬ç¾Žå›½äººèƒ½æ‹¯æ•‘ä¸€åˆ‡çš„çœŸç†ã€‚æˆ‘è‰¹ã€‚,ç¿”éƒ½å µä¸ä½ä½ å˜´,"['allstar30', 'rating']",2012-06-17 22:53:12,0,åŒ—äº¬,47360340  2010-11-13åŠ å…¥
12,ç¾Žå›½å¼è‹±é›„å¤§æ‚çƒ©ã€‚è¿˜å¥½ï¼Œéžå¸¸Entertainingï¼Œè‡³å°‘æˆ‘è¿™ä¸ªå·¥ä½œåˆ°10ç‚¹çš„äººéžå¸¸æ»¡æ„â€¦â€¦,simply me,"['allstar30', 'rating']",2012-06-17 18:36:28,0,ä¸Šæµ·,simplymeanna  2009-11-16åŠ å…¥
13,ä¸€å®šè¦3D IMAXæ‰å¥½~,å®ˆæ„š,"['allstar50', 'rating']",2012-06-19 22:34:01,0,æ¹–åŒ—æ­¦æ±‰,HughShaw  2008-12-08åŠ å…¥
14,è¶…çº§è‹±é›„é¢˜æå·²ç»æ˜¯æ— æ•Œå†·é¥­äº†~ä¸è¿‡è¿™æ¬¡çš„ç¾¤è‹±èŸèƒçš„ç¡®æ˜¯çˆ½çˆ†çœ¼çƒ~Heroeså¶å°”è€ä¸ªæ€§æ–—æ–—å˜´åŠ å°å–ä¸€ä¸‹èŒï¼Œæ›´æœ‰åŠ åˆ†~æ•´éƒ¨å‰§ååˆ†ç²¾å½©ï¼ï¼ˆPSï¼šççˆ±ç”Ÿå‘½ï¼Œè¿œç¦»çº½çº¦ã€‚ï¼‰,Sodayui,"['allstar50', 'rating']",2012-09-02 10:14:12,0,"Detroit, United States",sodayui  2007-10-17åŠ å…¥
15,å‘µå‘µå‘µå‘µå‘µ,ç«‹æ—©,"['allstar30', 'rating']",2012-06-18 00:40:46,0,æµ™æ±Ÿæ­å·ž,2639783  2008-06-26åŠ å…¥
16,å—æ´‹3Då¤ªå‘çˆ¹,whocare,"['allstar40', 'rating']",2012-06-17 20:48:55,0,æ±Ÿè‹è‹å·ž,xujdan  2007-08-08åŠ å…¥
17,è®¾å®šå’Œå‰§æƒ…ä¸æ˜¯æˆ‘çš„èœï¼Œ3Då€’æ˜¯å¾ˆä¸é”™,Då¾ˆå¤š,"['allstar40', 'rating']",2012-06-18 00:24:43,0,ä¸Šæµ·,1414785  2007-02-05åŠ å…¥
0,â€œæ˜Žæ˜Ÿâ€å¾ˆè€€çœ¼ï¼Œç»¿å·¨äººå…¶å®žæ‰æ˜¯å¤ä»‡è€…è”ç›Ÿçš„bossï¼,å°æ©™å­,"['allstar50', 'rating']",2012-06-17 19:01:52,0,å¤©æ´¥,2752290  2008-07-27åŠ å…¥
1,æ¬¢ä¹å‘å…¨å®¶ç¦ï¼Œé˜µå®¹ä¹‹è®©äººå—¨èµ·ã€‚,é˜¿æœ´,"['allstar40', 'rating']",2012-09-02 16:02:34,0,å¹¿ä¸œå¹¿å·ž,apu  2006-08-22åŠ å…¥
2,åŽåŠæ®µæ¯”è¾ƒæ¿€æƒ…ã€‚,ä½™éŸ³,"['allstar40', 'rating']",2012-06-18 00:08:34,0,é™•è¥¿è¥¿å®‰,doveluqi  2010-12-21åŠ å…¥
3,è„¸ç›²çš„ç—›è‹¦...ä¸å˜èº«æ ¹æœ¬è®¤ä¸å‡ºæ¥...,inkhk,"['allstar30', 'rating']",2012-06-17 21:11:18,0,ä¸Šæµ·,inkhkkk  2011-07-16åŠ å…¥
4,å…¨æ˜Ÿæ¶æžå–œå‰§ï¼Œ2å‘¼å‘¼çš„ç»¿å·¨äººçœŸæ˜¯è®©æˆ‘ç¬‘ç˜«,æœ±æ—¥å¦®,"['allstar30', 'rating']",2012-09-02 05:51:55,0,æ²³å—æ´›é˜³,zhuweina  2007-01-26åŠ å…¥
5,å®žåœ¨ä¸å¥½è¿™å£...,Flora,"['allstar30', 'rating']",2012-06-17 19:03:45,0,,
6,è‹±é›„ä¼šè€ã€‚,å¯‚åœ°èŠ±å¼€,"['allstar30', 'rating']",2012-08-12 15:51:25,0,åŒ—äº¬,buglovenet  2005-12-20åŠ å…¥
7,å¥½å§ï¼Œè¿™ä¸ªç³»åˆ—çš„æ¼«ç”»æˆ‘åŸºæœ¬ä¸Šå®Œå…¨ä¸äº†è§£ï¼Œå¯¹å½±ç‰‡æœ€æœ‰å°è±¡çš„åº”è¯¥æ˜¯é‚£ä¸ªå¯Œæœ‰å–œæ„Ÿcosplayç‰›é­”çŽ‹æˆ–è€…æ˜¯é©¯é¹¿çš„Roki bossï¼Œå¦ï¼Œè±†ç“£çš„è¯„è®ºç‰›å‰çš„è¦æ­»ï¼Œçœ‹å®Œä¹‹åŽå•¥éƒ½çŸ¥é“äº†~,å­ä¹Œ,"['allstar40', 'rating']",2012-09-01 02:31:25,0,ç¦å»ºåŽ¦é—¨,sheneyan  2006-11-14åŠ å…¥
8,è¿™ç‰‡æ¿€å‘äº†æˆ‘çƒ­è¡€æ¾Žæ¹ƒçš„å°‘å¥³å¿ƒï¼ï¼å¥½å¤šHEROï¼ï¼,é˜¿åœ†,"['allstar50', 'rating']",2012-06-18 00:56:51,0,,
9,çœ‹çœ‹ç¬‘ç¬‘è¿˜ä¸é”™ å˜ˆç‚¹æŒºå¤š æ€»ä¹‹å¾ˆæ¬¢ä¹,è½°çº¸å°é…±é…±,"['allstar40', 'rating']",2012-06-17 18:15:00,0,,
10,è¶…çº§çˆ†ç±³èŠ±å¤§ç‰‡,L&Pçš„å°è¯¾é•¿,"['allstar50', 'rating']",2012-07-18 02:29:29,0,ä¸Šæµ·,lostheaven  2009-05-16åŠ å…¥
11,å²ä¸Šæœ€æ˜‚è´µçš„çˆ†ç¬‘ç‰‡-ã€‚-,ä¸€ä¸ªå°è‚‰è‚‰,"['allstar50', 'rating']",2012-06-18 00:25:20,0,,
12,å¤Ÿæžç¬‘å“ˆ,å°ä½©çª,"['allstar40', 'rating']",2012-06-17 23:17:30,0,è¥¿è—é‚£æ›²,lichuyue  2010-06-26åŠ å…¥
13,äººç”Ÿå¿…çƒ­è¡€ï¼Œç‰¹æ•ˆå¿…å½±é™¢ã€‚,çŒªä»”å¶,"['allstar40', 'rating']",2012-09-02 21:17:01,0,åŒ—äº¬,Juzzia  2007-09-17åŠ å…¥
14,ç‚«çˆ†äº†,geekdada,"['allstar50', 'rating']",2012-06-17 23:23:58,0,å¹¿ä¸œå¹¿å·ž,geekdada  2010-02-28åŠ å…¥
15,"ä¸é”™çš„ç¾Žå¼å¤§ç‰‡
",çº¿å½¢å•è°ƒ,"['allstar40', 'rating']",2012-09-02 20:12:13,0,å››å·æˆéƒ½,yingluncheng  2007-12-03åŠ å…¥
16,å¸¦ç»™æˆ‘å›žå¿†çš„ç”µå½±,Gineea,"['allstar40', 'rating']",2012-06-17 19:58:01,0,,
17,ç¾Žå›½é˜Ÿé•¿å¥½å¸…ï¼,kylerwww,"['allstar50', 'rating']",2012-06-17 19:31:33,0,åŒ—äº¬,monkeywen  2010-11-25åŠ å…¥
18,æ ‡å‡†åœˆé’±ç‰‡,windyxp,"['allstar30', 'rating']",2012-09-02 20:26:33,0,åŒ—äº¬,1271102  2006-10-01åŠ å…¥
0,æ²¡ä»€ä¹ˆæ„æ€,æ®ºæ­»é»‘å°å¤œ,"['allstar30', 'rating']",2012-06-18 00:02:22,0,æµ™æ±Ÿæ­å·ž,3885562  2009-03-27åŠ å…¥
1,æˆ‘çœŸçš„å¾ˆè©«ç•°é€™ç‰‡éƒ½æœ‰8åˆ†ï¼æ—©æ—©çµ¦æˆ‘çŒœåˆ°æ€Žéº¼å€‹æµç¨‹å’ŒåŠ‡æƒ…ç™¼å±•æ˜¯æœ€å¤§çš„ç¼ºé»žï¼Œå…¶ä»–å‰‡æ˜¯æ¯«ç„¡ç¾Žæ„Ÿçš„å°æ±ºç¾¤æ¯†ï¼Œæœ€é‡è¦çš„æˆ‘çœŸç‰¹éº¼ä¸€ç›´èªç‚ºé€™ç¾¤ç¾Žæ¼«è‹±é›„å€‘åœ¨ä¸€èµ·æ˜¯æœ€13çš„ï¼æˆ‘å¾ˆæƒ³çµ¦2æ˜Ÿï¼Œç®—åœ¨æŠ•è³‡é¢å­ä¸Šçµ¦3æ˜Ÿ~,é‚»èˆçš„è€èŠ±çŒ«,"['allstar30', 'rating']",2012-09-02 10:32:36,0,æµ™æ±Ÿæ­å·ž,yuantown  2007-09-09åŠ å…¥
2,èµ¶åœ¨ä¸‹æ¡£ä¹‹å‰æ€»ç®—æ˜¯çœ‹åˆ°äº†â€¦â€¦ç”šå¥½çœ‹ï¼é»‘å¯¡å¦‡å’Œé¹°çœ¼å¥½èŒâ€¦â€¦ï¼ˆæ‚çœ¼ï¼‰,ä¼‘è¿ªç¿Š,"['allstar40', 'rating']",2012-06-17 21:07:41,0,ä¸Šæµ·,xiudiyi_b_a  2009-09-11åŠ å…¥
3,çœ‹è¿‡å°±å¿˜,mr.tall,"['allstar30', 'rating']",2012-06-16 03:04:51,0,å¹¿ä¸œå¹¿å·ž,mrtall  2010-04-03åŠ å…¥
4,å…¸åž‹ç¾Žå›½çˆ†ç±³èŠ±åŠ¨ä½œç§‘å¹»ç”µå½±ï¼Œç„¶åŽæ¯æ¬¡éƒ½å¹»æƒ³è‡ªå·±æ˜¯å…¶ä¸­æŸèº«æ€€ç»æŠ€å¥³ä¸»è§’,Ashley,"['allstar40', 'rating']",2012-06-17 20:43:58,0,å¹¿ä¸œæ·±åœ³,Ashleyhuang  2009-06-02åŠ å…¥
5,"2012.09.02
æ‰“å¾—å¤ªçƒ­é—¹ï¼ç»¿å·¨äººå¤ªV587ï¼ˆå¥½å¸Œæœ›è¿˜æ˜¯è¯ºé¡¿å•Šï¼‰ï¼æˆ‘å¯¹â€œè‹±é›„â€è¿™ç±»ç‰©ç§å®Œå…¨æ²¡æœ‰æŠµæŠ—åŠ›ï¼Œå†å¼±æ™ºçš„æƒ…èŠ‚éƒ½èƒ½çœ‹å¾—è¡€è„‰è´²å¼ çƒ­æ³ªç›ˆçœ¶â€¦â€¦",å°æ‚¬å­,"['allstar30', 'rating']",2012-09-02 16:19:40,0,ä¸Šæµ·,3653373  2009-02-16åŠ å…¥
6,èƒ½æŠŠè¿™ä¹ˆäº›å¥‡æ€ªçš„å®¶ä¼™å¼„åœ°ä¸€èµ·è¿˜çœŸä¸å®¹æ˜“.,åŒè‰²å¿ƒ,"['allstar40', 'rating']",2012-06-17 19:55:01,0,,
7,"æ”¾æ˜ å‰è¢«å‘ŠçŸ¥åªéœ€è¦çœ‹ä¸¤ä¼™äººä¸ºäº†æŠ¢ä¸ªä¸œè¥¿æ‰“ç¾¤æž¶å°±è¡Œäº†ã€‚
è¿˜æ˜¯æŒºæ¬¢ä¹çš„ï¼Œç»¿å·¨äººæœ‰ç‚¹å„¿åƒå¤§æˆ˜åƒµå°¸é‡Œçš„åŠ å¼ºç‰ˆç»¿è‰²å¤§å€­ç“œï¼Œæ°”å‘¼å‘¼çš„æ ·å­çœŸå¥½çŽ©å„¿ðŸ˜‰",Maggie,"['allstar40', 'rating']",2012-06-17 18:35:28,0,,
8,æ¶‰åŠåˆ°çš„ç”µå½±ä¸€æ­¥ä¹Ÿæ²¡çœ‹è¿‡ï¼Œçœ‹å¾—æˆ‘ç¨€é‡Œç³Šæ¶‚çš„ã€‚æ˜¯ä¸æ˜¯ç”·ç”Ÿéƒ½å–œæ¬¢çœ‹è¿™ç§å¾ˆåµçš„ç”µå½±å•Šï¼Ÿ,å°æ™“ç†¹æµ,"['allstar40', 'rating']",2012-06-17 19:59:00,0,,
9,ç¾¤å£ç›¸å£°å§è¿™æ˜¯ï¼Œå„ç§æ…åŸºå–èŒå“‡,ä¸‰æœˆé’ç»’,"['allstar30', 'rating']",2012-09-02 22:09:28,0,åŒ—äº¬,sanyueqingrong  2009-09-19åŠ å…¥
10,æˆ‘æ˜¯ä¸€æžšå®Œå…¨æ²¡æœ‰èƒŒæ™¯çŸ¥è¯†çš„å¦¹çº¸...,Only_purple,"['allstar30', 'rating']",2012-06-19 21:28:09,0,åŒ—äº¬,only_purple  2007-02-05åŠ å…¥
11,"å°±æ˜¯NCç²‰å˜›æ²¡åŠžæ³•â•®(ï¿£â–½ï¿£"")â•­ ",Rostock,"['allstar50', 'rating']",2012-06-17 18:21:39,0,ä¸Šæµ·,56903206  2011-12-10åŠ å…¥
12,Hulkæžœç„¶å¾ˆå¯çˆ±~,æˆ‘æ˜¯é™ˆèƒ–æˆ‘æœ‰è½¦,"['allstar40', 'rating']",2012-09-02 13:49:00,0,åŒ—äº¬,fickKPCh  2009-06-23åŠ å…¥
13,æ´›åŸºé‚£ä¸€èº«æ˜¯æ¼”å®ŒäºŒéƒŽç¥žè¿˜æ²¡æ¥å¾—æ€¥æ¢å§,ç”²çˆ¸çˆ¸,"['allstar30', 'rating']",2012-08-12 22:33:21,0,,
14,è¶…çº§æˆ˜èˆ°åŽåˆä¸€éƒ¨çƒ­è¡€æ²¸è…¾çš„ç”µå½±ï¼Œä¸è¿‡ä¸åŒäºŽè¶…çº§æˆ˜èˆ°ï¼Œå¦‡è”ç¬‘ç‚¹è¿˜æ˜¯ç›¸å½“çš„å¤šï¼Œç¢°åˆ°ç»¿å·¨äººå–èŒåŠ è€å®ï¼Œé’¢é“ä¾ éƒ½ç”˜æ‹œä¸‹é£Žã€‚,æ©˜çŒ«çˆ±åƒé±¼,"['allstar40', 'rating']",2018-04-28 10:33:47,13,,
15,å‰æˆéƒ¨åˆ†æœ‰äº›å¹³æ·¡ï¼Œä¸è¿‡æœ€åŽçš„é«˜æ½®ç…§å®žç²¾å½©ã€‚ä»Žæœ¬ç‰‡çœ‹ï¼Œå¤ä»‡è€…è”ç›Ÿä¸­æœ€å¨æ­¦ï¼Œæœ€å…·ç ´åæ€§çš„æ— ç–‘æ˜¯ç»¿å·¨äººå¤§å¸ã€‚,æ€è€ƒçš„çŒ«,"['allstar40', 'rating']",2012-09-02 10:58:06,1,åŒ—äº¬,ThinkingCat  2005-08-12åŠ å…¥
16,å¤§åœºé¢åˆæœ‰ç¬‘ç‚¹ï¼Œå¥½çœ‹~ç»¿å·¨äººå¤ªèŒäº†å•¦~~~ç»¼åˆè¿˜æ˜¯å–œæ¬¢é’¢é“ä¾ ï¼å› ä¸ºè”ç›Ÿé‡Œé¢åªçœ‹è¿‡é’¢é“ä¾ ã€‚ã€‚ã€‚,é˜¿é˜¿é˜¿æ‚ ,"['allstar40', 'rating']",2012-09-02 22:17:15,0,ä¸Šæµ·,Joan_J  2008-12-10åŠ å…¥
17,å¦‡è”çœŸå¥½çœ‹~ä¸è¿‡å°±æ˜¯å‰æˆå¤ªé•¿äº†ç‚¹å„¿,æ‰£ã€‚,"['allstar40', 'rating']",2012-09-02 16:27:46,0,æµ™æ±Ÿæ­å·ž,MK_ijal  2010-02-07åŠ å…¥
18,ç”»é¢ç¡®å®žæ˜¯çˆ½å•Šï¼Œä¸è¿‡ï¼Œè¿˜çœŸæ˜¯çˆ½å®Œå°±å®Œäº†,ä¸ƒä¸ƒ,"['allstar40', 'rating']",2012-09-02 09:58:37,0,é»‘é¾™æ±Ÿå“ˆå°”æ»¨,xiaomei0606511  2008-12-11åŠ å…¥
